Id,PositionX,PositionY,PositionZ
613b39c9-f4fe-427f-90a9-fa52dd3e14ba,-1272.5654,-1917.827,2.505584
046d2ba9-a141-46bf-9530-2bb96002842e,-1202.5519,-1791.3165,15.622193
398144a3-9f19-42b7-afa1-8595382aac81,-1285.8096,-1603.595,4.096479
1cf35710-d6cd-4d25-9762-6504f13476e2,-1321.8942,-1522.1862,8.732638
facaa49a-5b3c-4ee8-8ba3-2d6f3a7f247c,-1354.6072,-1473.5302,5.733193
8857e97b-fce1-407c-96cf-a4f5a9795c22,-1503.2013,-1482.623,2.0381546
c34f9ebe-9983-42d7-959b-36c2130920b8,-1456.3085,-1094.4412,1.2074226
051914f8-72c0-4c9b-a8d0-966f357ae15e,-1659.3564,-1099.5188,1.1260339
014e6f7c-090e-40e1-b10a-808da8936d7d,-1639.4484,-1017.08417,6.308816
b6cf6568-806d-4215-8af8-e2912e311334,-1749.2681,-952.2717,2.1501312
71ca331d-577e-4090-a72b-03e699a3fb1c,-1638.9344,-905.9871,2.1501603
06f53073-894e-4356-842c-700ebd5282cf,-2022.9689,-1031.3707,2.5614388
8b16c8de-3529-4f78-9096-49fcfd7a8460,-2068.727,-1019.479,3.051447
a035d65c-61df-4328-8ce5-11dffd8b4167,-1819.6271,-1196.9484,19.164644
4565e2ea-976d-464e-b34f-25021ad37940,-1904.7454,-1289.827,-34.4954
da5b81f7-0da3-48fc-a754-a4aa37620bdf,-1873.5352,-1217.9026,9.982937
bafe7a80-e50c-4fc0-9851-199a16150be2,-1693.8999,-1082.938,17.828238
599eae8f-9c60-4429-b7a0-ed643ebc42d4,-1607.55,-1081.9702,27.606903
8e1ac7e1-4f8b-4614-a8f0-8b0d5ff08020,-1639.6096,-1051.6298,16.236261
6d951a19-0c80-49b7-95c1-3aac63ce962e,-1656.4908,-883.30597,8.819568
5071b77a-8ccd-4025-8f29-031dfc1d8a62,-1727.6416,-745.2455,10.189973
c74d0a1d-a27d-44cc-a7a7-172d7613d3dd,-1741.3555,-703.57794,13.68913
fcc91599-4745-48bc-ad3d-d2aa52059c03,-1758.1075,-717.3908,13.855138
981a11ea-933a-4dae-95d8-14d8a4bf5568,-1762.8706,-709.45844,17.644665
e42e9582-4cf2-4908-9ea3-931f9088036c,-1838.0499,-578.50085,19.461107
513b7754-ea66-4496-9fcc-6611a8a17dd2,-1911.8695,-555.48413,24.33162
4110cdcf-1c59-4ac3-8698-6c7c2ae91351,-1936.6493,-554.91675,19.710615
a4268fe3-345b-4504-990a-568f7f53b4c8,-2030.1194,-465.92822,11.603974
91a37771-2c44-4bbf-bfe3-4027ea85af85,-2186.1335,-454.14764,1.767536
92cfb882-43a7-4ace-aa16-8296c57da08b,-2183.4307,-400.77127,13.1938505
43e0575a-f9c6-43eb-9baa-4bd9d02a491d,-1062.787,-1662.1038,4.560072
64c76685-eb91-4d21-b21e-464b43f11d73,-1079.0698,-1678.3015,4.5752287
e6072729-e7a4-419f-9dfd-2e044ba30f16,-1101.2783,-1661.7936,13.076921
71028ea8-d861-436c-b67b-813b06160da2,-1103.1599,-1601.927,4.670845
32396acb-41a5-4bee-8ffd-e98a85d721e0,-1158.1588,-1572.0785,7.55396
9c3f79d9-253d-4eed-9997-74d36a1ca84a,-1137.0956,-1529.9022,4.3217983
4bcfdb6c-465c-4a52-84bb-fd0365d9b791,-1147.5409,-1512.3217,10.6327305
6f343147-a505-42e8-ac5f-842c067e8364,-1228.0457,-1437.8679,4.3345556
a3b2554e-c985-4a73-8075-27e93d1e76e8,-1217.2806,-1416.5684,4.4215317
2f9be2bc-94dd-49c4-aaa3-5c313be24509,-1265.5635,-1323.0623,6.6410804
b9714086-efe7-4110-bc0c-0d47120f1805,-1312.0092,-1338.4594,9.706283
2a9131ba-dffc-4fb0-8a4f-bd9cdcc0a276,-1285.8728,-1256.8125,15.125946
e0afe35e-0303-4de8-b28d-aeac1ea9a805,-1343.0021,-1231.6512,13.507708
8f05b496-1be0-4899-9043-d86f99753c62,-1304.7057,-1234.2693,8.980476
0bedd4f3-f70c-41a2-9fe2-afeb0d4b4298,-1350.3567,-1141.6493,21.929699
ddde64c3-6841-4524-8e38-d9219858f51b,-1409.9188,-857.36804,17.28071
9e53bb06-f498-47c4-8d70-09b608b87413,-1094.799,-1495.5724,5.086491
914cb5ab-a8bd-459c-822a-ff07597da19b,-1121.8804,-1490.8618,4.6934605
ac95ddf1-3168-483c-a89a-2dd01da48181,-1036.6718,-1390.1173,5.55808
ec08b6b9-f963-449d-b40b-75a4104102a3,-1042.4095,-1361.2593,5.553195
fbe6ddf3-d197-4a97-89ff-f572e68b7ee0,-1027.561,-1304.8057,6.127279
5fc35b84-ca9f-49b0-b32a-19cec423e785,-969.4067,-1267.6187,2.088827
ba0b2e3b-0bf3-4649-b2b9-87e26567044e,-932.96814,-1267.2867,7.966502
98d2dd02-fc5c-448a-a5bb-3f08b93dc3a7,-949.3511,-1315.9297,9.7000885
dbb1fba2-81d9-4ade-b53c-8beb010144dd,-953.97546,-1326.0061,16.899965
cb53e154-7b76-4bbc-a2d3-1e17f73e0db8,-896.943,-1311.06,9.89504
3e35fc14-3504-48cc-a49d-0147b89bf1cd,-971.3851,-1305.5382,20.853926
14b8ff39-2d27-4741-b433-11aa77aa934c,-970.64526,-1332.414,16.899952
befefed7-afa2-40be-b522-df4b93737f2f,-967.87415,-1413.248,7.679167
b0897616-1b67-431c-908e-5c3dc45f05f5,-915.8854,-1429.0858,7.6791725
57cfe082-1834-4345-80fc-512dfaec3249,-879.68616,-1408.9026,1.5953913
c706ed9d-b49e-44d4-8086-f047aedaabe2,-919.042,-1414.9805,10.518118
f8532cd8-349a-4a2c-b386-bfcfd8da72b2,-984.67816,-1436.6693,5.3887973
1e1dea9a-3a24-4021-a18f-d1e5323e1a1e,-946.1418,-1495.6442,1.595392
a662710b-b794-44b8-aac2-6549d2dde4ea,-877.7532,-1497.3096,5.9693837
451b5d20-1274-4164-8776-3f4b4b760458,-935.81555,-1523.0906,7.872421
87fdb78e-f334-4b9b-9e1d-069a3c8ac749,-990.00964,-1571.5033,5.2796516
493bb428-05e2-41ff-98b6-3fc9a5c5efea,-978.6646,-1611.5791,5.2727423
366773aa-7511-4071-bbee-488d318c1564,-1016.6757,-1669.2416,3.5360987
ec43ac9b-b2bb-466a-a56a-958a980683ee,-1015.68207,-1503.656,6.5074725
169764d6-ad49-487e-b62b-2386739b5a7c,-891.38947,-1259.0251,20.827633
3799c818-1cf2-4c7a-99cc-48addbb4d103,-871.19086,-1213.1935,6.399967
ec40eb95-fee9-4042-97c0-6b918bce7d5e,-769.3566,-1224.0933,10.626383
f4a5cceb-508b-4896-9128-65931f106b5f,-699.6367,-1305.6146,9.550126
8278ac2f-ef9d-49af-a324-536d54ee94b3,-763.79645,-1334.6283,5.4958086
c075d3e0-474d-4606-904e-70cd3ea4d5b6,-808.443,-1371.2102,5.150261
78710d45-5de6-4a06-aa39-c43877ef689f,-701.07306,-1391.6201,8.552113
36b9e9e2-de19-474d-a1db-a913bb721cee,-757.852,-1414.6401,1.5952184
f3cad969-14b1-4375-99d8-9f05028a7941,-782.7316,-1469.0859,5.000518
8fe9599c-b24d-4535-bfd5-0e0935f8903a,-725.2327,-1504.321,5.000526
a3c0133f-ae16-4094-8104-0d739264c8a1,-873.31134,-1652.8524,1.1417028
5713e907-201a-4129-9e64-b7be8c73cd8c,-1016.41425,-1772.3564,3.5697749
4de494ca-61e1-4aaa-9052-b7669dfc81cf,-1112.6488,-1340.951,5.0221543
74d7a65f-9269-4acd-975f-0b5e9607580f,-1130.3297,-1279.3472,7.7585363
9efd6a20-c16a-4fc1-94c1-ae0d87ff8ca5,-1167.565,-1257.4607,7.213488
56ac1a04-6078-436e-8615-544ed7540311,-1134.0284,-1253.2642,7.170343
b4abc117-52ee-4ece-b651-b050678b258c,-1221.0155,-1306.7532,4.539097
50c400fc-ad2f-432c-849d-220b5672840e,-1234.5072,-1315.2482,7.2405953
384a24cb-a843-4529-9ba2-8f57a8525bdd,-1233.9481,-1234.1703,10.625748
0b62bd7f-d509-4733-a1fc-0fb64b4826a2,-1259.8914,-1198.8328,9.064903
00b4e57f-594e-4d8d-9013-1244458f6ed5,-1235.3153,-1191.7045,7.6724186
b28ea5f9-bf02-4035-b65f-9ad86714a305,-1273.8813,-1142.4171,12.22065
aec56066-f84c-421a-afcb-aef7e6dd4a2b,-1253.8049,-1144.5059,8.51396
3788e206-dfda-4607-a63f-994ae47fad0d,-1269.2625,-1118.7662,7.323351
1174ef20-3468-40c2-ace1-3c41db9f68f6,-1274.5721,-1040.6461,10.059952
59ac3ecc-b1f7-4e38-955d-9850a11b5c59,-1335.1057,-1002.6526,8.373843
c590e8ed-7ce1-4b03-8e7d-fc63f5153c6a,-1365.6644,-1080.2731,3.6049125
681af378-3b70-4c10-90c4-9cb4fafd6aad,-1294.6207,-1072.4377,7.2166905
6d0e2b7f-bd7a-4e15-917f-7966aba18925,-1251.2224,-1006.80304,5.063562
ffaac65a-0d37-46bd-88f3-176c955cb6ea,-1164.4211,-1075.3712,2.1501837
a966301f-fe77-42f0-8108-3a4e14334528,-1203.5786,-1007.5171,2.1690447
d7246428-0195-4b26-9e5f-ad146390723e,-1172.7876,-1155.6986,5.652858
7d9cdb02-af3f-41a4-abd1-d93c028491b0,-1150.5598,-1176.2472,2.4831443
263f5c4e-b605-4048-94ae-c5903757c8e1,-1122.6368,-1238.3274,3.2397761
c29d24d1-9a69-469f-92fa-6975e4fab1ef,-1102.6353,-1260.4585,5.2672076
a9d45e30-e01a-4823-8042-10e4e0cd7f4d,-1031.3066,-1207.0247,0.9237933
3d6dd96d-a840-42fd-a2b1-bd0e96d68b9a,-922.81555,-1162.4752,4.7959647
bdf18707-d174-445b-9f0d-0ddebbf3d3c9,-943.688,-1164.7871,2.3114543
28d2f5e0-e53f-43f6-8731-886983674107,-899.70886,-1166.6847,32.750217
767b190c-30e4-47ff-bd25-0b3b9318b0c7,-864.4493,-1119.214,7.1344843
bbf54dbf-94ca-4086-91e1-bf78ca12aae4,-849.73315,-1102.1372,2.158104
805bcfb7-a8b5-45ed-b4dd-433070a0621c,-833.9382,-1052.4203,11.801976
384c5655-d0aa-4f72-8993-b8b5d23da471,-820.8143,-1065.4025,17.075329
3685a6e7-4591-46d5-a723-e04e54a00cc8,-892.7749,-999.1606,2.1503274
acd045f0-0dfd-4a24-a2ae-6c9adf2203ce,-886.4901,-972.5101,9.852204
0a5e6ccb-1a08-4823-828f-93bd4d3ab43e,-947.48615,-965.19867,2.7566173
627bc1ec-c584-457f-90f9-9d337082c01d,-973.3063,-862.56445,2.793658
21e063ca-f94b-4577-92b6-6135f67c374a,-1018.33496,-941.62506,3.9119995
e9d2f8f3-eda4-4650-acfe-e9f885876af4,-1090.0875,-937.03485,10.114947
ee31ddfa-a5c9-4096-82f2-1734e5ba992e,-1121.8613,-974.31494,6.632128
9716e3ba-e403-4625-a865-215771fe7779,-1031.9805,-848.28766,8.318754
d093ae46-45ad-4910-bb70-314cb26a79ab,-1095.5077,-835.19586,37.675358
61f20edd-3ba6-4298-a2f8-9c6b3221d7b8,-1221.0208,-911.702,12.326359
69ee55d8-48fc-4e9a-8049-54a8fa6464a8,-1327.7593,-942.8141,18.411432
58352b45-2b1e-492b-b6f1-0645f38edf71,-1379.4487,-858.5591,15.694157
a40dbe6d-feee-4d41-b0a7-3e15e7a219e5,-1456.5474,-864.24677,10.902201
19564d25-bc3f-4360-8044-3939c5692719,-1520.591,-850.1424,11.986482
a897ac36-824b-47ec-9679-b671b5fdb709,-1356.0382,-734.05615,22.82994
a26eda2e-4a00-4301-a7eb-18c2b6ae04ce,-1377.7744,-750.6013,41.679775
5a486521-8fb8-4976-92eb-7558f0758944,-1287.4178,-823.626,15.448056
40858e31-aa28-4150-9d5a-baa1392ea0ec,-1240.0458,-760.8422,20.826445
59753531-8260-4e1d-8a26-f307eb234194,-1311.8186,-697.9719,25.322454
27b1188c-cad6-40c2-aa87-90138e83d406,-1219.0627,-715.47284,21.959593
0345ce90-fbb9-4e45-a188-2cbae679060a,-1173.3481,-807.6972,31.039457
cda5d0e7-ad01-44d2-9095-6f0b333062b0,-1193.4279,-703.4246,42.276802
a95b8443-ebc0-49d0-9a5d-d8cfd3212545,-1246.536,-647.41016,30.719618
02ff4ce0-75a1-47e4-836d-f20db38cd4bb,-1288.5044,-729.4436,11.093287
a8a32a23-8814-4689-a499-5f3d7029ff5d,-2057.6086,-316.74054,13.477354
ab68a4e1-c466-4501-9087-88b8e4d94642,-2138.29,-206.70656,18.62685
81be2b54-5098-4fd6-9c8b-51bfc6e831b3,-2020.387,-320.05026,26.096973
13bf853d-8cba-4cbc-8d89-270aa670f837,-1997.5056,-346.16382,29.097012
05d3ad8c-31bb-4b6a-92d6-3843485d785c,-1871.2905,-311.353,57.21517
e5fd6117-9f74-403f-b174-b2a80d33290a,-1894.1105,-343.13773,49.419792
9cc5da8c-cd35-4c5c-88c8-b6cda81dc3ab,-1795.5118,-431.34747,41.855083
950d749f-d339-420a-b4cc-5b35b45726cc,-1706.9473,-482.80307,41.649467
4997c5ad-9b78-42c2-ae24-60c90679ce39,-1683.5571,-413.24548,43.923832
9098fe11-98ec-4c6a-9cc8-75d34c9b928b,-1552.2122,-272.37946,46.70728
a589e4bd-c54c-476d-8b2a-2365dca1b191,-1606.9,-505.84604,35.469883
02b9caf2-c2e0-4e6c-a704-810d70a1a320,-1598.098,-439.81012,56.705196
cb9e75c8-96a6-4cbb-b6c1-ed9b6a42f954,-1559.542,-416.67038,38.09991
56b56ac3-e9d8-4eaa-9bf3-0455b0c023b4,-1477.7682,-382.72626,43.4371
f403b0a7-ebf6-493d-9ac4-39eacb3a3e69,-1436.8599,-373.01434,38.197723
86e95702-adf5-4e7d-a01f-a0d55d7ffb70,-1506.8854,-510.85532,32.806828
376df362-ed2d-4363-ba97-f2592c43b949,-1514.4545,-568.4011,33.296726
e88e87ac-b169-413c-818f-fd375829fa1b,-1560.6649,-581.8872,114.448425
1a271a87-3214-4061-bce7-ce88ee2aead0,-1461.3727,-517.9036,31.581844
d9f64856-38e3-435e-8e6f-f19ef318d1ed,-1393.6417,-486.6544,31.595406
f5d29706-fb73-4076-9487-b30a1fc3a390,-1491.0801,-682.3059,28.322527
12d3d181-a440-4dcf-ad59-3d4aa15be8bc,-1293.3047,-572.48334,44.567894
6859cb30-7378-4885-ba7c-e5bf192e262c,-1327.4609,-606.22986,36.75186
2cc5d0a7-7b91-40d1-8043-6e0d52ceb0b0,-1269.5963,-575.87286,29.302345
f74ec7b8-100d-48d6-aa29-87aff9bc100a,-1703.7572,-297.231,51.8855
727819a4-ff3e-408f-b6ff-fac1ff35a353,-1707.5264,-269.6998,52.059475
57164dcf-573c-491e-ad2a-6f89825db0c7,-1763.0918,-262.7441,48.20755
621df5e0-5530-4229-9d26-4f04cd2006f0,-1724.9456,-192.30179,60.091904
a69db360-9722-4f9b-9429-640ef0af7cba,-1807.073,-125.17878,78.786514
60945390-f580-425b-89cf-8b5bf93fe62f,-1598.5317,-33.75482,58.192684
bafd4fea-5010-4a1a-92e1-baa0d179fee6,-1659.3411,25.286972,62.857502
1b0e9201-72d3-4031-a622-0f3a5da31d38,-1512.4338,-102.58515,54.184814
0b4b4004-3933-4369-bde9-6e90f9efb6b3,-1510.8634,113.84323,66.62713
5359d23a-0b03-453f-8509-4392ff6a507e,-1464.6244,183.26018,55.921017
962bb6bc-5c85-429f-aa1c-939eab1cc433,-1227.0929,349.2098,79.98665
a5a8802c-10de-47ad-8398-298d916d49bb,-1202.5839,282.0859,69.925964
19c7fd43-1dd9-4123-a81b-ef0ba3ac9739,-1071.3845,9.141174,52.321148
03a67e34-6d9a-4dd9-9e44-df8893af00be,-1042.2266,-129.50586,40.76119
35d6f598-a15b-4fef-b543-dea7df975087,-1193.2411,-216.45142,37.94485
1c96834e-10c1-41c2-9edc-6b0ed4aa13c7,-1280.3932,-256.26825,58.374004
0d29c6ff-91f3-4f84-b380-841667e2d819,-1247.7842,-174.39186,40.535572
bf6df2d0-e286-47f1-bc0e-b590c814ab04,-1295.619,-123.93046,47.427338
bc90b402-2c90-468a-8881-1a47d655d81f,-1362.6145,-99.1717,50.704308
a1c621e2-f865-4b5d-8aa1-a6cbd4e93f5d,-1422.6925,-204.28249,46.500362
e70c2d4e-fb93-4b13-8d7f-bf10e7244aa0,-1454.5759,-172.6844,48.81648
34f461fd-cb85-4053-8541-6aa6926e967b,-1402.0251,-259.84668,46.37918
3654dbfd-17f8-41e2-bf98-5b659df67435,-1336.0922,-411.49756,45.856136
b8fd1a23-13b8-43f4-b23b-7892b8de9939,-1203.7856,-349.50385,52.51315
7a0bdf46-c03c-4c77-863d-d0cfb77001ff,-1103.842,-361.26694,38.36826
de7fa884-0c95-490c-a166-0dfbc0873c6b,-964.2494,-284.15543,35.691708
560dc0cb-faa1-490f-9fef-3b0baba96a35,-1122.6957,-272.98776,38.600193
26efab21-1f54-4783-a889-dd2daba42b1a,-1052.1666,-232.24448,44.020935
1e47ccdf-d7ea-431b-87bc-77cc97f9dc70,-987.3762,-387.64066,45.36331
e831faf2-ccc4-4ce2-b984-382d6b9e80c1,-1027.6938,-408.29126,33.411945
1a9a59b9-0ff0-4b24-8eb6-11389b670cfe,-1048.8733,-523.4278,36.588783
94455dd4-f88c-4a7d-a1ee-613768961740,-1150.926,-552.1556,48.48366
0516dccc-ebf9-4585-9dcf-4cdbe8723c48,-1209.663,-513.6682,46.94366
a848b785-541e-4706-89eb-ad8e15ca7fc0,-1145.8829,-473.5014,55.010536
eba1bac9-3216-4493-a1d6-ee153159d1dc,-1127.0558,-611.8578,13.450201
63a7eae5-d489-4951-9598-d6191c051576,-974.2466,-484.03983,37.378963
5b1173d1-349d-4cae-8203-c3dc22ff78cc,-880.15485,-236.87444,47.0465
c633f169-8762-4eed-abfc-1a132e60a644,-780.4238,-208.93092,58.51856
79d4c9a0-03dd-414e-a824-0f5d88a14bbb,-735.4729,-291.8678,37.044586
3f67a745-e507-4b23-bb1c-6099e5f3ec6a,-766.2166,-196.77127,35.15189
a2ebfa6a-6673-49d5-b79e-ba2810ef7ec1,-826.27246,-103.555756,28.185297
7e82c76c-9567-4021-b605-1212a881cdad,-717.3048,165.66714,73.24253
a33c7ae0-a2dd-4d54-8247-e2b3a0cc20e1,-664.2405,171.71687,157.0482
897e58c7-c41c-4177-8aed-9e31b3c2ddb1,-603.2098,235.84467,119.174805
4ee993c1-bfa2-4875-851a-542de4ed9870,-687.27124,56.290913,69.68569
a1c7a676-26b9-4f9c-8810-937fe0e7cd77,-606.3369,36.942265,55.087624
9043cec8-4af2-49b1-8601-dbb9c7eccb37,-505.8725,37.48634,52.57993
4142a331-3c34-490b-a870-8a1c1dd46131,-521.4176,164.28938,71.081184
1e3f836f-83cb-454a-b096-96189219c9e8,-412.01694,151.72664,73.734276
6f116fe3-da80-48cb-9a1e-9318a620323f,-318.29343,36.97767,60.09225
38c20a6f-d83e-481e-852e-2ccc07dbc038,-346.76917,50.31337,53.978115
139bd237-56f4-4207-9037-f23f62b8f2fe,-198.46559,-6.5312514,52.37466
79dc2802-db48-48d2-b208-6838b39435a4,-98.5385,-70.02203,56.36568
888a3c47-0953-4c10-b98d-0344711aa4ba,-171.14554,48.382652,70.44001
ea3b0138-70cf-417f-b811-e0f4f25b791a,-194.09856,147.77043,70.328575
88eaa296-8262-4c94-8f2a-8681a523115c,-42.170242,139.04723,84.272545
02ed1196-7960-4d1e-9419-7a0b86a899d9,-68.804306,232.38467,114.35236
bea046bd-0c4c-4bc9-a2a0-9ebe0a45ced9,104.8253,256.83658,130.5581
f4a2c9b7-40f1-429e-ace8-376c3140c521,193.50314,218.00038,143.94627
ec32e2e6-2b5c-472f-9384-35ba3d7f6a07,124.37613,330.11533,124.5806
e7b56345-1e2c-4185-b11b-0b3c4a70b6b5,263.01984,220.80106,101.68328
b9992c3a-9651-43c9-b8a3-a6805d8c4874,232.63263,219.26227,110.28282
af38fb65-0ae4-4bd2-b695-d41d6b08df05,285.6007,213.5643,104.72297
6b33c86e-14c0-4f69-8bc9-46278118f103,355.975,285.34018,113.726616
a756151b-3cce-4ca1-98e6-97c78243bae2,332.2714,167.55644,138.48267
b6541e74-2706-441b-8dd1-1c0a7280d30a,519.84186,190.64755,108.30961
a3064e57-b35e-4240-a1b1-35343bcbc1be,515.89984,174.31953,100.68361
6bc2b6f6-3637-4f98-b5d8-747d29752e5f,396.13733,71.61329,103.870445
cf81ef8f-7dd1-46d1-a31e-e621fc941960,375.05914,-38.669636,91.26416
6ec9eb83-325f-4532-bc40-bcea2978fe41,333.93875,-153.10626,62.148453
81114919-4d4a-4323-9f50-2b7ff3dc9091,272.48044,-205.62038,66.357315
5db88e28-4818-4e72-9ddb-c050f6763c76,342.7342,-203.93121,54.227634
f8f45d8d-3337-4656-bf02-e98ecac984e2,245.07974,130.2664,102.59938
540d3b52-4d5a-4321-aeeb-53f31ed3ed2d,324.27383,81.74545,112.88551
e61067db-89f5-4418-928f-c34ce1653912,206.55377,63.30051,96.09584
50c12412-1bb1-47df-b462-8de57189c722,222.45538,-18.10693,84.41571
5c8459bf-0044-4f9f-a3ae-1b923baf2515,38.201385,222.65588,126.847565
0fe94575-75df-436f-b300-2c28575669d4,27.827023,163.9106,126.2164
a98c1016-3e5d-470e-8163-723c1041c07e,39.516262,87.304855,79.01976
04be03ac-f49d-4d86-9445-0845db00f30f,71.40173,-60.319473,77.02135
05f9f7d5-fbbc-4325-acd2-43a9a11e6d56,49.170624,-81.6909,61.563477
5768317f-13ce-442d-901d-3dbb780049f1,-19.239447,-46.43539,63.397503
05452b3d-375c-4fe5-82d7-75782a15738a,389.87277,-356.11578,48.024532
4c0ef65b-7d0e-48df-af39-73af8312b974,396.36108,-313.26645,50.389793
a993b7af-bb8b-4ab0-91e1-e81930ff6ba3,429.68936,-272.92856,53.226784
a6682a5d-2b95-4a1f-b702-5a5e8f3d7f57,487.05905,-194.47707,53.777927
4201b30a-2575-4889-bfb6-7912034f9016,549.38556,-191.5243,54.48135
3e66cbf7-6426-437b-89e2-d9766b8321ba,484.7258,-89.92819,66.45021
bf7644e9-cfbc-4f58-a324-7b107463c58c,505.10007,-37.74537,77.71831
d7dfcd4f-9c4b-4f46-b8b1-6f7686402fb1,594.53217,22.046507,101.81237
d96d34dd-023b-4f88-bd89-0009c8563830,693.8964,73.48274,83.85332
ab287ffd-4779-4757-abe6-38ca2422204f,666.50354,98.482735,80.754585
a5fff671-2a93-43f4-8e12-e6c61bcdbff3,764.4018,232.06715,90.70554
88024cf0-1464-4a99-9ec6-050084fa991e,660.0724,229.88564,94.29197
1fcdf934-4252-45aa-9c8f-dbb3f354a678,622.6873,151.19482,103.57463
42246f4d-bb97-4b62-9c5e-198ee9dbd446,572.2186,149.23672,104.25144
b5288d07-4ea1-4b7b-947f-d538798c9189,310.14368,-282.7761,54.174507
6c75e4b8-1289-45d3-aa65-091f51a4e5f4,258.90292,-315.12762,60.00278
74d4e6bd-d6c6-4a4c-96a6-7b8c69b47c73,162.82137,-255.75421,51.399708
db6da9ac-29d7-45e0-a702-6cca1d4eb022,2.714096,-223.68086,47.66056
73ea7f51-bac8-4843-b554-6f5cb8f1755b,-145.06384,-107.249855,94.81061
8105f151-e90c-401a-a343-fd20eb8d480e,-158.80916,-317.9506,82.742935
187c4042-036d-4af8-81f2-48e039441110,-230.1204,-286.64084,66.04978
05114bb3-d63c-477b-97ce-4494e7ae9138,-218.24019,-202.5997,49.937855
685ef143-360b-458a-b224-5599fae00126,-161.62271,-308.82953,40.670418
27627ec2-8d0b-40c1-be1d-c9ed15fc8de8,-242.91833,-322.3084,29.976713
a4ddcdf4-6120-446e-a426-ad93f2c429a6,-352.2829,-60.264683,54.423176
22fe5904-9156-44a5-b5ca-503e92ce0999,-342.1765,-147.21674,60.7499
9cd606c4-431f-4a46-87df-26f4f46ea044,-471.52905,-35.191837,45.375595
c3e9d773-6dbc-49a2-953a-24eed95c8d4a,-434.66052,-47.482624,52.42918
3b5b6f60-950a-466a-89ab-2a21ace1f3e3,-492.0757,-31.06082,44.51669
fcfe59aa-dbf6-4b75-b89f-3c9318b54409,-524.0019,-61.78827,46.40515
8bdf299a-2ced-4d2c-a085-0b2cdce7233a,-563.50885,-95.00375,40.3302
d5253f6d-0c2f-4faa-8895-564ca7b108b2,-542.9109,-131.58601,52.902225
a824579c-c285-46cf-9eee-8e1b0d3a775f,-525.18604,-190.73314,52.203064
21c4057e-057b-41e3-8844-c36383ab9049,-705.7895,-151.03323,37.415195
4c8f3603-f965-495f-9426-43bbd12396ee,-618.8349,-237.54636,38.057068
bed4e853-8f81-4ccc-af6e-701aef1c501e,-596.3064,-289.1058,36.77909
4879e665-3363-4cc6-b4f8-ea9a0464dae6,-585.10297,-289.31635,41.694046
986dd4c7-2136-402b-8af9-767f45af1399,-626.04034,-216.41216,59.42586
26ec8395-01c2-47ca-a4d4-c3ff0efa522c,-611.11975,-263.1078,54.378807
4254dbd0-4be2-453e-b9bb-6ec7f1583241,-478.23767,-342.26477,42.221725
16aa440a-bfc6-4a52-b2a1-b2f02b5ed452,-350.15048,-239.24341,42.459965
9703d26b-7e40-4df7-9a64-3c4b3abf19fc,-695.7479,-585.7787,31.552528
7e74eda7-1202-42b2-a2ed-85a0b20f9a4c,-693.3385,-575.3172,31.548904
7431b7d5-8349-4354-97a7-ca70cc9c73ef,-672.4825,-624.8623,25.305712
9aa54425-cbc1-4261-bb0f-5ec8caa62b16,-861.3553,-577.79346,29.026987
c1b9bcba-3b13-4c16-8be6-c10a2dcf6530,-864.56793,-578.0575,26.171415
3c4ae64b-d006-41a2-b66c-4e0b7ccc38a9,-699.12854,-547.0957,29.876902
47282afa-c8b5-429d-86c3-55b980a9e541,-732.5492,-429.94498,35.46971
5a2df7cc-b740-4887-b121-5cfbd508bc34,-779.7908,-392.8572,37.103874
2b22aca9-0cfb-4171-97d9-bd7da756e848,-881.20795,-435.46338,39.599834
d504d8a4-a734-43f5-bae5-2f1aac804706,-917.1987,-453.8738,39.599842
072c5f7c-45cb-4a7a-ad97-49c989b7ed84,-895.04236,-354.09125,34.680187
12c8ed43-5cca-47ae-b64d-ef9fcd2ca15b,-908.2731,-361.12604,38.959957
63a76c49-a6a2-4901-b39a-745caefd8f06,-510.63583,-407.36392,34.969032
5eb3f69f-e10c-4898-807d-3dd2b0959316,-455.20078,-434.5481,33.292633
b80f48a3-cd4d-4c04-9f15-65f8cc613afb,-408.35062,-449.49564,37.334923
b6476eb8-b134-4df0-9724-6bd0b40a2dea,-330.06973,-447.76328,32.03752
80c1675a-8242-4deb-b157-6a38950477c8,-312.00125,-469.87567,28.164515
417590b5-2026-4ca1-b85b-743358f9a8db,-352.7792,-624.69476,63.75716
d332c6ca-1900-42ec-bf2e-3007db7db4de,-282.52884,-630.0665,34.075375
78be8fb0-1e67-46c8-9dd7-15eacc3b5126,-420.8732,-632.53754,32.30143
65808efc-24ed-4800-aa5e-19ba8ab5481b,-472.57794,-602.6908,25.458466
66c83682-198f-4114-b5e3-ea338f1ad8af,-69.69301,-366.993,42.36938
30b53b3b-19b0-4a62-98cf-b8ac7e4153d7,-119.20296,-438.4471,35.969414
c2ae53a1-2342-4f5b-b6d1-33db1b37c5ee,-129.2868,-553.7137,33.783768
1eb3a6eb-f844-4aaf-99f5-dda76a9f292a,-175.72653,-632.93085,48.981476
fd6912aa-683e-440f-973e-3eabf3f740b7,-148.91774,-569.4609,49.120693
a54b3900-f64c-41bc-897a-c07501a7ae0a,-14.763434,-577.112,17.975163
024f7b25-6da4-4333-ab46-5fd852418b2e,47.919155,-661.55566,16.483454
51f49444-28ae-4a3b-be2b-a3826729dced,128.20215,-348.62323,110.59446
1404a76c-2d54-4310-bfd3-4f3d80c22082,46.880917,-447.2184,99.12829
465eabec-7d8e-4325-9e07-3a90cb0d9906,86.253365,-433.9547,35.9989
f7d71d2d-8b81-4d64-87b1-a3bc6cf437d5,32.131405,-409.95956,39.92238
3afbc07f-d598-4359-b83b-ab30816d3541,35.233963,-429.8657,73.7943
8462dd85-c6f9-49c8-b1f1-d64212cb3adc,31.65381,-370.73584,64.718735
f92f5dc7-5704-4d6a-b8a1-74bde9d4ed84,121.83475,-341.90924,55.496784
6e4c3ac3-5ef0-4c55-b871-66303bbbf3fd,86.95749,-330.65594,75.56146
7d653598-2f20-4550-b950-7168832a1bef,-33.28128,-614.72,35.079502
951013b5-661f-4969-90d2-5d5413d136ab,-3.3258183,-730.7937,32.26467
dd1417b2-b692-466e-998a-d53d76aa24c0,236.00243,-410.8595,48.111942
75177da2-f0b8-4b81-b2ff-883be8e5bc47,240.26634,-336.69223,44.34665
392c9a5d-2aad-4e28-a054-ab9e867e4272,165.26027,-568.8777,44.783432
07a786b4-3105-4151-b875-f94100f561cd,189.18985,-663.22687,43.40283
2199bb36-08f8-4aea-b20c-718d3b6db0e8,155.38162,-770.1144,47.07694
b907578d-b54b-48a6-a8a6-41bdf5c722c9,181.57115,-689.3243,33.123352
150b2620-85b9-48ba-a154-eff1711d0200,119.96766,-775.8462,45.754753
4f103b4a-321f-48fd-9a7e-04a1954c67af,73.25056,-876.3657,30.449537
992b6290-65e7-4bf9-bacd-f2d12f8a90a8,-22.108704,-861.46967,31.023293
37bc6a54-0d2b-4ded-8d32-f9616798b2ae,-92.40791,-860.72925,26.667555
f9e9db7c-f6df-4f6a-b214-014280b1022f,-104.78248,-852.9897,38.46968
ae0b4639-410e-42a9-a581-6a20db5f4596,-59.995518,-834.99084,44.038605
0695adcd-f49c-4769-8d33-729134709514,-77.4137,-842.06915,34.8985
5f8b716a-e624-4cf7-867a-7b4a39ac18b5,211.63234,-934.85443,24.275934
fd881d19-733b-4634-baa0-64625f4b2e07,318.43732,-670.07513,38.33302
3c9f8374-f88b-4dec-ae03-0a35272a91ce,270.77798,-642.1934,54.742615
6ebe67d4-cdf0-44a0-96d7-211b4ffa3c36,313.58145,-601.1431,29.292774
d0e716d4-fbdd-4253-b422-2add35a45bb8,301.89465,-541.68884,31.510368
27ec54b3-5265-44dc-941a-9f60458ac964,421.73746,-483.3545,28.205643
634d1023-bee8-44a6-9c12-4f4628f96c28,470.9134,-548.3269,28.842775
9cf2870d-7d16-49b0-8011-6598beb928d4,608.41425,-463.3476,24.744904
342041e5-f86f-49c3-b426-8340730ae331,657.5775,-420.3784,33.12265
922e239c-bd81-44a0-9c39-1d3857445311,563.31604,-510.63632,25.89148
e889082f-c783-47bd-aa25-43605059d940,485.0791,-560.2008,25.98988
e019fc03-94b3-4fb9-94ef-cd52af3881c9,546.31464,-649.6056,25.90132
4b9658a0-ef87-4256-a402-2f094415ef5a,660.7972,-679.57324,26.312239
5280ca8a-925b-428b-8d54-a35a6467bf96,710.27893,-683.1272,31.754251
9ad11137-4f11-4f37-9315-8d75f83630be,700.1889,-644.68536,26.853317
881c0d96-e350-4334-be7e-1c4f8c9d64a6,750.5932,-576.69006,42.916473
b69b4f93-c36b-40a3-90a2-bdc212d6631f,728.10486,-687.7049,40.282
ab0a23ae-25a3-4357-b3aa-800fff5d9d36,646.03516,-575.815,23.116392
11746526-b5d2-40ad-a9d5-1cac40075d28,804.9028,-494.7392,32.030853
6ab3e304-dfd6-4423-a7ed-31af2832da31,857.49854,-489.02066,50.730476
5de5ebaf-e7f7-46b9-a45d-00f87f31b5a8,863.23584,-473.75305,37.59
482117d4-9893-463c-80f1-7f9388a0678b,780.9402,-391.43265,33.36945
9d8a4633-ff70-4f3d-81c3-06417927e167,696.22235,-305.49652,59.248074
b76e0f21-fde6-4faa-86c2-0a873d29261a,879.96344,-283.3881,65.4989
228cd200-bf01-4f6e-926d-0cda01545a1d,681.67377,-103.743805,60.190502
16656974-25c0-45e7-8a69-e019ae637e72,784.722,-137.59422,88.50734
59dbba6f-1117-4166-9a86-ced6843b71ee,724.1877,-21.146044,62.409256
92c7039e-1b6f-4c40-97b5-4469166a2de2,813.2997,-105.371254,80.60374
d232f49b-63bb-4592-8908-3fb89931f1dc,851.3786,-167.38782,74.95647
62cec142-cc2c-4e97-b642-cdb38d0d4ad4,955.0458,-194.54773,79.297195
d004c579-b432-4fe8-a1f1-450217b6c699,912.86035,-405.54077,48.85536
0e6554ec-77a2-478f-9962-89e5cb17f919,1073.4232,-260.3374,59.079357
bcb637d2-1c67-49af-951d-14765ac4393d,1155.5754,-300.0561,76.610435
8502871a-0cb9-4ca2-a59f-48c52fb37423,1161.1852,-313.66953,69.20505
a29eed23-6ae5-402e-9d40-38ef30fcb6e3,879.7873,-469.60254,59.034016
126bf350-7ea4-4fef-9575-7bda7c1cd70f,848.7217,-505.1098,54.83724
781940ad-f752-4810-86dd-b3de9ad87466,905.71124,-631.3155,58.048943
fcb51868-c3e3-4db5-9d2b-490f498d14d2,970.0323,-724.0353,57.886925
cfb19f8e-9b2d-4cb7-ac2f-507befaed43f,1075.3066,-779.73505,61.429714
55fd00cb-31fd-44f9-be61-dcc85d05dc30,1142.3547,-789.5928,57.60117
ab54671a-0f30-4f29-84f5-4abf1068f00e,1226.8242,-783.0259,59.64351
0dfe57b0-6cf5-43b6-a7ef-210f501dbc76,1385.9136,-783.81775,67.44765
be54265f-3417-4a6a-8f90-7f12a365f6db,1364.1146,-621.94995,74.342575
99915751-8868-4ca9-8c74-5c28064b9b6d,1210.6588,-440.9969,80.00326
485ed492-432c-4f68-8959-303516086246,1211.5974,-470.69025,66.207985
0743573b-9954-45fd-80da-0689b876152d,1135.204,-442.99207,74.56606
15d1417d-5fc0-4573-9af6-7def2dd86e9a,1113.7902,-649.10046,57.749935
aa8786da-051d-4c28-a7a1-e2424ec30867,1072.9603,-679.6298,57.47919
1f501f09-29fb-416a-a017-0102a10a1ffb,1023.1775,-134.34192,74.18941
df7bfe89-6a84-457c-a24e-e22b8a0268f1,997.77856,-128.1265,86.50778
c228fb68-19b7-409e-8fb0-41ffa391deea,988.17523,-139.86774,73.09089
555c83d5-8362-48d3-9be0-2c74b70f363f,965.1343,-101.67163,74.84122
9ac45cba-e40e-40db-8f9a-d388f846165f,994.36835,-43.759357,74.954155
d54508a4-8f60-49cc-89c9-1b8ab9d554b3,1102.8708,79.445915,80.89043
35cdd63b-17b9-4ac9-b868-91c51d2a12bf,1299.5757,316.64307,83.68026
57332eb6-a67d-4eec-b224-8a85cc5c6edd,1261.4797,335.53244,85.990486
da4f869b-d9a4-47d6-be08-b62914f2ed0a,1068.2952,188.10803,87.990746
dd8fa88e-ee4e-4b54-95ab-4071c59eb0a8,-957.93384,-775.67883,16.228281
012baa06-a866-44bc-b6b6-930c2b0fb464,-812.37854,-799.7047,19.605093
3756d54e-3aa7-4819-a1fc-f9c8a91435ba,-806.26874,-739.1669,24.323431
45e89f06-58c9-4078-9730-1d71e0db9362,-802.08325,-721.0704,26.40291
093eb8bf-222c-499a-8324-7f1e451976fc,-794.08185,-687.65186,29.54092
0fa14274-a668-4d11-a664-2cf8465f7bbd,-790.1594,-724.497,27.27885
923f8fe0-9513-4200-addb-53442dc6ab39,-780.53204,-793.99866,27.872953
3fc07a4c-afda-4d6b-a5a5-be064e0bc50d,-685.1306,-777.21246,34.77132
c84c6916-f8df-4e9e-a7b9-30fcb4ef0593,-723.7408,-816.86194,33.01328
6750d19c-87ae-4170-8b5c-c69ad70b8a98,-691.64014,-723.629,33.890724
296b957b-9cc6-49e3-97ee-b2636b8992d0,-715.40234,-703.1563,36.56407
b0a18141-8acd-4954-8076-1d79693cb6b9,-683.77783,-677.78,47.23627
f154ffce-4a46-4c1d-aeb7-f554e52fdd6f,-713.2485,-721.7023,52.052032
35eacca8-921c-48df-aa13-f3f0d6bb7ea3,-601.7202,-784.53845,25.017231
655d30fe-d360-426f-a4c2-9fd8e25fd70e,-564.04254,-811.32715,46.432228
bac23e28-11b2-4605-a994-eaa74b4bbd1b,-541.53845,-789.5405,30.86848
fd374f33-fb33-49e7-8610-a6e93346a466,-589.36633,-738.9907,36.65005
8c57c60d-83f5-457c-9c92-e05ad943d98b,-474.3716,-723.08453,45.019516
17b7c23b-076e-4153-b4e8-5681b933310e,-473.6475,-732.4882,23.903282
d5cbb245-5e08-4696-b47c-0f775451a696,-434.37668,-761.1596,33.426907
b0d4095c-d0f2-44c9-ba44-e42165eda592,-279.94202,-780.1722,41.195934
25677664-9102-443b-94d0-af7b7a6811ae,-317.72037,-774.64526,48.42733
798ab055-dfe5-4210-966b-132a10167483,-271.91095,-698.62195,38.27695
863fc97a-1bd2-4dda-acfe-ff777cbaab74,-166.44914,-735.02234,38.69991
3d46e3ee-2f11-4648-981b-25f9107100ff,-162.43579,-764.49274,41.9204
336fadbb-d979-45c3-a31d-9ef01e8e67fa,-246.45488,-783.7911,30.454037
c8a7dcaf-65e4-458e-b117-e1cc9334a3af,-889.49475,-853.4983,20.566137
8ffdaae5-34a8-4f94-8fea-b2c3174d9751,-799.18243,-893.0691,20.857021
69e61499-35f5-436d-9e38-b09d4a17ed7e,-799.15924,-962.7946,15.384312
65972c33-f83e-4241-ba22-1a9b32287a65,-787.22345,-912.0534,18.091599
2f19b50c-970d-4f83-b80d-b667380b7a2f,-699.97156,-939.0503,24.1095
b7e6a136-5463-4cdc-bc82-67a8e9c4e048,-683.22186,-860.99646,33.815754
7cce0e6f-c439-4a13-af30-77d66179814a,-671.62067,-908.1549,41.400887
37621b13-ca5b-4504-879a-211fed344d5b,-585.15643,-878.7246,31.224482
77cbbc97-23f7-4c3f-892d-1ace18190cdc,-607.05566,-906.9544,23.864069
f9638711-de64-42ef-8fbb-120bcce4a42a,-581.24524,-1035.0515,25.984922
6a3d32c7-9c11-4439-b71a-45d2a5b711db,-601.2388,-1145.7203,25.855076
6f617823-195c-40de-9897-635fef51e3df,-672.926,-1118.8326,11.986862
6568e490-1d11-41a7-9376-7c28edd31ee4,-685.68805,-1196.8352,17.436075
d7f92e1c-d27c-4277-bd83-16745c0ff459,-672.9574,-981.79315,22.340832
08ef5416-ab6f-4878-9bf4-a153f4a43ba6,-720.5224,-988.404,18.177338
6949f2e6-32c9-46bc-a9c0-9a0033c58374,-694.3576,-1039.0057,16.111717
d5f4bf8a-0fd3-4a21-a615-43cf38011f6f,-768.4838,-1032.5542,14.133156
4a0579cd-0e50-4f18-99fa-5bf24026a5df,-460.65176,-1069.1035,52.476147
f28d2b6a-4657-4d9b-9093-ee3dd058e3e0,-473.03558,-961.7536,69.711876
e2be4399-472b-4046-b8bb-b3df3bdbd8c4,-293.0814,-957.3182,31.212574
6a00dc03-f8e0-49aa-b4e6-775cfbbb9cc7,-294.7499,-1036.1659,36.350155
a5613747-dc0b-46de-9208-e6686c224471,-159.26222,-1101.1876,13.117005
608505c1-efe2-4a0a-b758-ec4e587a5e61,-204.38008,-1114.7032,76.81211
ecd82dab-c30f-4842-91ec-19450831c235,-92.36016,-966.91766,21.27687
684721f5-3c95-4876-9f3a-bb4e55a4ef3e,-120.15314,-962.5229,39.35625
4f1dbe4d-eb2a-46b6-a52e-12feb4182f95,-8.271508,-998.0281,46.329697
8a1811cd-d69b-4517-93cd-62f9b96ab9c6,64.771545,-1013.6781,79.796974
5658d03c-0ab0-489d-9611-81b4da432ea4,-1.3776553,-1008.13934,89.18886
c6cd9c35-8a63-4444-9263-12d3ac4ed29b,17.284052,-1100.4485,29.797035
963a3d6f-2c3f-44e2-a9ce-81dc1b59cd8a,-30.757814,-1109.9171,26.422363
a958780d-7abf-4b67-9a74-00151eac5f2e,176.59828,-1112.9343,41.52518
0c1ff73d-d711-4be9-bed9-b4cfe7265f6f,175.13101,-1071.6827,77.54418
4410b9eb-c27c-4830-a2dd-b6f3c0c1f999,156.61313,-1221.475,29.540594
ba7eccab-aedf-4451-bea7-e9302c7fccb5,139.83284,-1177.5931,30.459677
56ee58d6-52a9-4adc-b5ea-fc48cfca94ae,3.8218923,-1215.1595,26.703012
2e391ae5-016b-48f4-97e2-aa5a37e59190,107.22703,-1299.4958,28.768805
b2a924df-ecbe-4736-898b-95df4d008e32,101.262054,-1304.5331,43.000153
cdbf7896-e5f7-4868-b12f-1fc2c554833e,173.66267,-1314.2916,34.336025
401e6a89-2809-486b-956f-703a089ef95e,180.7134,-1236.6469,29.461954
a1f66930-b9dd-4ac2-94eb-4de396ca0193,111.110374,-1259.2538,29.316301
a3d64796-7970-456e-bff6-fe0fbb7ea7df,-13.348916,-1285.4653,48.02828
ace746ef-7bd8-4b9a-b4ce-17673cd1d0c9,-33.803368,-1255.0067,29.433325
7881a8f5-6145-47c7-80ee-73e797b477d4,-62.78809,-1343.0294,33.721558
82b97e68-b2fd-4c48-ba36-95b0c8c43971,-198.03966,-1203.7504,29.971247
adc9b0a3-2cf2-4da4-bfe8-8d7477e1bd5c,-247.94142,-1204.5538,28.454634
9e0bda98-aa59-4913-a9cd-9cb74d2d24f9,-238.89116,-1297.0708,40.787804
f7b5a57e-6d0d-4a04-a613-9b8e74f77fa1,-156.66142,-1257.3782,47.89807
2902ecd9-28ba-49db-868f-c7e0ff9385d5,-152.74678,-1325.678,32.297756
050de898-15cd-4f43-8e59-250292df2286,-203.5007,-1328.2878,34.89441
b07c54ff-a50a-4ad0-9f99-048a509cb2e3,-237.73209,-1363.554,31.25822
1778a9e3-d503-4583-85ec-2affe61a22ef,-324.97116,-1296.8223,42.797348
9efb7df2-935a-449b-99a9-a17001199a74,-375.23828,-1246.103,30.637133
c726dee4-700f-49a6-b2dc-a31a52133ec5,-300.33118,-1405.3093,36.47003
cb307f4f-dcfa-4ec7-af25-3f8fb174b96b,-542.8397,-1238.4459,27.425718
dab25bd8-ee79-4689-b296-d762da96d12c,-556.3738,-1294.4646,23.64324
2eab66f7-e399-4a4a-b377-c85f4098ca98,-504.82547,-1216.116,18.527884
cb1b0ff8-5ad6-49fc-a2f8-95d93e35b7ef,-595.0276,-1410.0339,12.778996
d4abc79f-d5a2-44b7-ae34-9047d2dacada,-501.08865,-1438.9453,14.491246
448bf648-8aa5-4ef2-951e-b87bf66d908e,-466.14496,-1446.0568,20.88445
1a059d31-5d92-4cde-a1c3-4618d8a58e82,-623.6982,-1629.6136,41.049732
e629134a-e380-4bf4-bb28-56e8bd4b5982,-624.2363,-1670.7107,20.062517
2723c28d-3ce4-4873-b733-4cb0ebf8beed,-477.1845,-1664.3806,18.792015
ebd80140-d408-4e8a-8d52-9bb8ebb9ef2e,-463.457,-1735.3839,19.804733
2b0bc2e0-89e9-4e45-9ae0-b44f5c91e9d8,-514.31256,-1748.3696,19.226841
37d98572-4534-4bbc-8a0a-f0222262c6e6,-420.4986,-1701.0328,19.170973
0006fa20-ba9b-422a-aaee-3c33aca2d190,-346.80453,-1580.0172,25.224
460cd1bb-61eb-4070-ab19-57ede5d81c55,-120.993484,-1462.3678,33.822563
fdec5eca-ea91-407c-8684-3c5efbdab57f,-160.34294,-1424.769,37.618244
d71416f7-859f-4f88-96ed-15e58083d40b,-80.49344,-1391.6735,29.320778
cce77624-b9ff-46e0-84f5-f3c7d22a8a81,-34.600765,-1397.3071,34.760746
cb1b4fc6-1b2f-4990-9dcd-fe99522d511f,84.63662,-1405.3461,34.82851
aa4a4a30-3c79-4a0f-83a1-f5e06cb6c57e,55.396442,-1446.8665,29.311665
703648df-05ac-419e-aa02-fa9eab8fa343,-25.798016,-1425.0918,30.65904
d240e4c3-dc2d-4f0c-944b-9a82bf52d81b,-37.960773,-1476.8124,41.298214
9516fdf6-c6e4-4837-8563-b490736e515b,-55.464516,-1526.403,33.44585
9eef9e0a-b8c4-4bac-b059-3a3095bc509a,-248.17387,-1523.4005,31.564056
37b50f7b-5105-4f43-92b3-c01bab0d158e,-269.35776,-1562.9044,31.850277
28aa816e-1384-4071-b9f4-5b5ab898869f,-316.87476,-1645.3264,31.890903
4221e394-09ea-423d-bf08-9e8f0af44439,-224.603,-1648.8871,38.444874
b10e575f-e4af-49e2-8400-adcb9735f1f2,-124.524536,-1583.4375,32.27563
a0cf97ea-dd20-42c2-ac6a-fa9d8a5523ed,-41.011845,-1664.5443,36.622902
a87d6c62-c990-4dbb-82c6-123c18203c82,-190.30542,-1773.8264,10.796182
89a5471e-197c-424b-aaf6-0afe977bb155,50.98163,-1633.5415,29.291872
00703020-62e1-437d-88e7-2cc61bb82ab2,157.67812,-1543.3334,39.553574
60d95685-12b5-41ff-916d-bab2e556ae5a,137.0867,-1466.0382,34.627804
5dfd98dd-cbe8-4dc0-a6f2-7f8f7786872b,216.11516,-1524.1273,35.82868
7a0a83e1-1aa2-4576-b0c3-cca7751ea35a,-158.1356,-1023.1656,114.29962
9ec414c8-4652-4048-9762-f1b4941fb07d,-171.4937,-1003.7882,296.2059
f7ce5b5b-9b89-4595-a2dd-eeaa57ac89cb,467.6569,-729.26636,27.364326
f69d77db-1261-4a78-a0ef-b5b6f35f82fa,450.67505,-846.37463,27.99462
9944f1a5-5987-40c7-9ab1-2bc5516b42db,351.12115,-875.33636,53.50939
a019e0e4-83b7-4112-a89c-4908b5964465,478.91315,-937.51526,36.34116
be43515f-96e0-44c7-9ba1-76c504357656,276.03464,-1011.2314,34.643425
d0abc36c-e5f9-4df4-a810-b643110fb531,271.8802,-964.14124,46.190895
b5bc787c-bdd5-489a-9840-51dc819725a8,441.06354,-978.2832,30.6896
c6e18484-ebb4-4708-9787-beebb449b9fd,483.5813,-1056.1495,29.11112
3c2faef7-2039-4d15-91ea-7655064d8ba0,486.28082,-1119.1669,29.298641
9b837295-4934-4374-8f68-e44bd8976187,322.23187,-1104.8367,39.550827
14970a50-4d2a-4638-ab42-4b8282c5b7ea,328.92868,-1100.2407,61.303764
7a6b5b25-c5d5-43cf-8cc7-ac782d8a72c3,288.5363,-1094.9374,29.419657
67f0853c-3fca-4b03-97be-ca52b011bf95,266.91113,-1104.8314,88.81468
7155d435-bea4-4e41-bf27-3bea73dcdadb,287.62274,-1203.7179,35.758076
329a80d3-c947-47a5-97f1-fa7a17f8abc7,376.50433,-1200.619,29.465374
33b191ac-e002-4080-832c-ba57b015b1b4,441.9759,-1239.1615,33.18003
aa3cd012-192d-4ba7-b61a-e42359147b3c,472.69513,-1309.8077,29.231493
61c48358-77de-4d8f-9257-362fdf9d2eb6,468.64023,-1310.3038,29.2486
df59cd1c-b146-49ac-bb05-5cda3a9818d5,351.52777,-1245.964,32.50899
55eee827-05cf-4872-afee-53de5946f4f8,388.95755,-1368.3853,43.85083
e60491a4-1251-4f80-82e6-3d4d3003ca86,316.4535,-1280.2098,45.531982
6b019b19-b812-400b-8a65-c77c7a5aaeb6,293.7635,-1346.2963,40.02001
ce05c741-f2ec-421b-b797-c0d15db423fe,335.86102,-1403.8015,42.67862
971ed3db-0343-499a-b351-ec79f3ed0d8b,492.36612,-1455.8209,35.461063
90ff4fef-c615-4d6f-a183-8de7a0c12d09,471.88187,-1493.911,42.39303
2b2c8da2-358a-44e8-9de6-31d0f0d0e081,443.30936,-1553.1794,29.282625
61d8745a-d04b-4cbe-869e-44df41ee6eea,382.1337,-1507.8226,29.291594
d474335f-e154-4c3b-903c-81462c47e030,527.1259,-1656.9261,29.35936
0b5adc2c-e360-461c-af3c-9b07945a32c4,555.5171,-1596.9807,28.374214
605b783d-a97a-4692-a94a-4aa6af879dbb,366.64307,-1613.3711,29.29193
f4380a16-f28c-403e-b5b6-2773c2f73227,333.1499,-1609.7659,32.5341
1f705286-f823-43c7-ba90-f41ee034442e,333.8084,-1558.8997,36.217686
952f733a-c6de-4065-97de-77c2535fbbe6,288.42676,-1601.159,31.265705
0323afd3-2ab5-4a6c-9b46-1c7abad418d4,241.4298,-1604.6921,35.129787
3e3a4662-c8b7-4cd4-99ec-28bbcf1658de,264.82486,-1629.0674,27.110222
0eb63cd6-d84c-418a-a3ad-14776c0955e4,356.6047,-1661.9476,27.254375
b435369e-845e-49c9-b28f-a9e2747fda1f,262.662,-1797.362,27.113155
90c69543-f8ff-4692-ac1b-f071542538fd,171.38979,-1700.6637,29.291695
d3cf0dea-6f69-4b7f-b4e7-b0bb811ce28f,121.53929,-1701.9324,38.07627
ad2f084a-2d1b-44f1-bc52-49f79bba376a,206.15164,-1667.1106,44.82365
7f092a62-3e65-4e6e-9a9b-4e742ca7ad78,111.10913,-1799.8734,27.082773
f90477ac-2ef2-4b92-9b95-3ecc1ff0bc7e,35.730335,-1782.743,47.695038
fef7fb0a-d62a-47a5-8417-c68902e33203,218.98222,-1868.5692,26.892168
0d9e3a91-7d66-442b-9fba-79e7dbad656f,75.551,-1970.1818,21.12518
ea127451-2ae8-47bd-8752-f576c9fadbf4,-51.137325,-1860.2946,25.896395
68b55389-0670-4985-9f87-85258b1d4476,-23.217623,-1989.9535,5.7213807
a2bb2bf3-e479-4883-9efd-8f7f63f274db,200.03969,-2003.6906,18.861557
e58e86a5-0aa3-4f77-a696-040f29fd52aa,225.8535,-1981.5834,19.748743
4501d882-3654-4235-bb76-a9b37b1b2b16,365.5873,-2046.4387,22.286613
2178b106-23c0-418f-bac2-a8b4fde904cb,340.58267,-2098.5806,18.204758
22c70d2c-98dc-4527-be36-b2ee705b916b,454.73734,-2059.224,28.091572
cfe71ddd-a499-4f82-a9c1-9a65699395f1,361.8847,-2114.2588,16.259369
ee0128d9-f6e8-448e-948c-1706749d6857,299.7426,-2219.959,7.5310316
3b28d0a7-896b-4f2b-aa18-426474cecb87,191.35362,-2216.348,5.95148
3975f5db-c1ec-4927-a6fe-3717a86b0eb0,136.98708,-2182.5015,6.0908594
487a510e-ad20-4d9c-9f96-f62dddc745a9,96.88089,-2180.1514,5.9529805
8f3bc13e-e743-4887-8c58-36f7e3b1273f,144.63022,-2222.37,14.327557
773f6fb0-7977-48db-8633-46e96bdcdb9a,137.03914,-2153.7817,33.589634
bbe51d15-2144-4ade-a031-ef333da0eb7c,100.68355,-2075.9863,11.539992
d572019d-8cfe-4f33-a34f-8aa0b5a53ff6,218.8175,-2292.3953,36.92673
2bb32823-2673-485e-966f-ef11a3a5f0cc,-98.727554,-2233.1582,7.8116727
be9dddef-2bd0-4815-8c06-3806e075428f,-156.94463,-2208.7122,18.322653
dba5e75c-432f-4b30-bfd3-d3c4a315e10c,-275.05136,-2230.4805,23.597897
0c150fda-24a1-46a4-86bf-f41f0593d11c,-465.2947,-2274.2083,8.515816
378c0cac-3b26-4843-913b-196a7a83749e,-405.1576,-2211.714,2.6752458
a1113221-1a6c-46ae-966a-e94bac8ec4d7,-418.97046,-2057.3682,22.663595
401eae6f-c87f-42a1-83d7-fc357f3bd028,-235.32945,-2002.2349,24.685368
040a3eb4-c7a2-4332-b391-e199a99a3063,-105.054756,-2066.3506,17.5609
421e125b-4047-45cd-bbfe-08dda208b3cc,-543.75336,-2225.5679,122.36564
e466be4f-4a2f-4632-93ef-57663eae0afc,-145.35246,-2492.7522,44.41016
c7cb38dc-e37d-44a1-b73e-dcbb1ffc0d00,-545.8687,-1804.3776,21.607637
334c7258-2b9f-4311-8ef2-220ed23e2e1d,-653.09174,-1757.8848,24.581795
2f652686-0235-4936-aaac-861a276c85f2,-1006.41534,-1857.678,12.40739
2f28e289-fb6b-499d-8cf8-406206fe52c8,-994.5455,-1978.2758,19.758938
1e1dca0b-8b61-451b-8da4-fd016b31cafb,-940.35284,-2034.3271,9.533267
5b6071fe-073d-41af-aa55-99865a51b298,-1102.6053,-2051.0945,13.2914915
b2f94052-8f8c-49aa-977b-86d6bf8f28d8,-1128.36,-1965.1245,17.23534
51d62fce-95d3-49ee-9cdd-80ce862d6e56,-1181.2576,-2047.722,13.928268
c403d84f-5754-420b-820b-5c5444951fa6,-1257.0839,-2020.1024,3.5599585
cf2905aa-c790-4b26-aac5-dd202c33b863,-1220.1334,-2080.7585,14.156681
e387b8b7-5548-4ef6-b86b-8d328681b9ff,-1084.6605,-2256.4968,16.434866
251d09ab-6727-4eb3-ab6b-8e2d9bece7d5,-1191.4354,-2140.9,13.239739
881081af-8234-4b25-9255-131c87fd031b,-1072.0764,-2212.0603,9.071352
b2201a2d-b976-4b5a-8d89-478f37f5f3b3,-882.3845,-2143.7969,9.344433
3ae183db-b0db-4024-bb35-5f6330027496,-778.40924,-2079.3215,9.168328
8503fa05-b10f-4e04-be55-2cb3816f9fc0,-900.64124,-2306.1865,-3.507767
b85bf032-2ff1-4a4c-8f22-1093b750c761,-703.1035,-2276.2556,13.455384
3b3b137c-5f92-412a-9bdb-de70238d3e88,-674.30414,-2239.3962,5.954973
e56108b3-65e6-45b2-8e03-eb366f45ea38,-699.64557,-2110.334,6.1035466
0829f495-6f71-4cf7-88b9-f143a053cbb9,-569.38226,-2319.1223,13.921868
7e15da87-4228-4df1-b224-f5cc8e6461a0,-489.29517,-2230.0437,2.7347217
a1b8e3ee-1a91-4eac-8891-11d26865855c,-537.14386,-2138.8862,19.740961
122b6b25-2900-4772-bc91-f978d957996d,-604.3104,-2374.0981,13.921893
d97d1010-95ba-4a6d-80c2-c4ec6b749487,-710.5003,-2526.0317,21.832947
6abf1258-49fc-4953-b561-4a0261175ac8,-744.9597,-2645.028,6.0951223
16b471ac-e004-4071-96e6-d13b41417f24,-802.17413,-2788.659,13.945359
3fc78b84-55b5-44e2-bd48-90578219f9ce,-807.69763,-2853.0444,13.947425
01f49399-6ed6-4e00-a64c-f0d6083e08d6,-896.3144,-2975.57,13.944423
72e6e9e4-b2f4-403c-80fc-299b900f20cf,-920.09064,-2967.8218,19.845383
f3c746ab-3641-439a-9496-7807c2ec4c3c,-1045.5448,-2870.06,34.40383
c9fcfa05-5962-43c1-95ac-3d684ff13127,-1161.2988,-2724.579,41.647175
4e084244-3777-44ac-b15a-80601c123d0f,-1235.9777,-2684.855,15.184221
c6db4bda-3b93-4b76-889a-72b76ea1d93d,-1184.2803,-2487.3066,20.261942
878aed16-ec00-4227-9685-7fdc6048afee,-1038.6152,-2366.3496,20.52146
1c003c17-8a98-4284-ac0e-cf7f6a055732,-1079.4591,-2404.0073,13.945144
805b04fd-930e-4b1e-b072-5b40e41665d9,-1797.4436,-2722.1624,6.939519
51c6a12b-6fd3-4bd8-a317-202f9f1bd90b,-1773.2417,-2833.8662,13.9442625
56f4fe16-6b3c-4c3f-a183-36407aa3e642,-1939.2031,-2987.8193,13.944266
2c141b7b-c4c0-4e0c-8fea-8d73308d1229,-1691.7203,-3149.852,29.567347
a2a1b8a2-962f-44cc-ad19-b296ecf944cf,-1547.1521,-3229.3035,13.944935
55ae35fc-2216-46b2-8423-86846beadc94,-1255.299,-3416.3354,13.940144
fa1580e7-f807-4d05-b4c6-e1bfe5c77c90,-1113.0225,-3477.3062,13.940223
8ef8f452-e792-471d-9d70-75e12adb923d,-1054.0708,-2740.1216,20.92925
093e7263-737d-4cb0-8ad7-f642e75cf523,-1082.3469,-2579.9497,20.3049
b5a53fc9-0c6d-40ff-bd0c-35f9487dc26c,-954.1074,-2527.3289,14.860857
634437c1-8361-43fb-be0b-22f4cbfc807c,-950.6345,-2631.9133,29.217386
9fd28478-6ec7-4f9e-9f2a-9957650ca43a,-879.11816,-2458.9778,20.272419
f49cf600-455d-47ad-b222-5867638107c6,-868.7707,-2384.3665,14.0253315
61c73c96-43af-4a6b-9bae-22ed47846a70,-548.6441,-2880.5225,2.9928188
c3ffdf6c-ae41-408f-812c-8350598b8bf6,-365.13116,-2822.0076,2.9929035
e0cea5a9-82ad-4c69-98bb-d951c842abc8,-471.59003,-2823.2642,6.000378
d89ce93e-56e1-4c63-aac9-d9e57ee1a10b,-504.81396,-2700.7148,8.758173
cd0255a6-17e4-4ed5-9c3d-b5bdcbeedb08,-390.29504,-2589.008,13.651846
9e8706a2-c5b8-487b-8569-fddde3636211,-334.89587,-2634.7112,6.0002975
4da38f91-432b-4f9d-8b1a-234dd253c116,-431.017,-2442.5613,26.876215
1585a41e-6879-4e82-8a98-c213e2240c66,-342.4901,-2420.268,2.647389
1d649573-5896-4740-aa16-eac2d938a0da,-282.67154,-2424.2495,16.238253
d506ce48-c173-4595-9dc0-51c12a22cdf1,-216.19923,-2375.1577,26.456327
a1b4111f-7c5e-4e87-8b29-0f3da79cec1a,-94.41998,-2355.4807,14.297149
8f22192f-5887-435d-88f9-a2ce22d12dab,2.8991094,-2449.9036,11.640694
a9f2f6cd-ade7-46e3-9091-903c6b216a8f,-64.31713,-2517.491,7.4011674
dbca56f4-105b-42a9-9e9e-f3851c8b3b9e,-129.07599,-2592.1882,7.0080943
edf3dd59-7405-435e-aa03-700f23c7f961,-296.81296,-2779.0022,6.4107957
ce4a6d45-ad22-4358-94fc-94119108bd65,-110.52191,-2678.84,6.0063477
ab88f56c-53fb-40c4-963f-7a6d664ae54d,-81.707954,-2726.8718,8.740199
bdd7c310-dcd3-41ee-9f4c-e7f8d1f36fa4,-36.514988,-2689.06,6.000233
6098556a-7663-4f7d-9d32-b8e22db8c416,-69.03725,-2727.5854,12.074792
f2399ed7-0167-4489-bb00-04668ec1c8be,-93.076935,-2773.9253,6.0821295
71c3e3bb-9b79-4881-a764-701ac0999d55,-2.7587464,-2813.2065,3.452639
a0a3aeff-5d24-465c-a648-4d7be6515605,27.495924,-2692.4517,12.0087805
6b60c90b-34f2-4182-b8f4-4886d273d8a6,173.9799,-2783.2334,7.971039
ad31cf01-bb41-4d1a-a5ee-4049e72d77ec,132.13303,-2871.8225,14.362936
1b027fe4-30e0-4811-b2c9-b27cd12ed917,123.1516,-2955.013,7.5249233
cb7d1c92-bf8a-4b93-b463-13b2b7688edf,123.07019,-3073.1038,5.984358
0466b3e3-65fd-446d-a655-8f3543cfbd05,142.7588,-3216.461,5.857591
6bd395e0-dc2e-4b44-9481-2a8a2a2c3390,165.48729,-3341.264,5.895703
7d41e46e-bf79-4bf1-a921-b14789bf1346,283.56082,-3339.9463,5.811282
d4e9e206-ea1b-4c9d-ab86-79e155c6eb9b,263.51605,-3311.2922,42.718
f9d020b6-6ea3-44f5-996c-e341dd4406dd,302.05475,-3260.202,5.7986274
3340f314-b633-432e-9afb-f1346ec67b14,278.54895,-3009.4065,5.6835504
0dd208ed-d841-45b7-945e-2ff7c480b47f,312.66354,-2910.5483,6.1126356
482f69c8-53c2-44e9-a96d-29e3f16823fa,389.9057,-2759.1973,7.654632
f8e09a13-af40-4696-9153-eed2a9f5c03b,338.57938,-2752.5042,43.63221
ff141558-b3bc-4949-88c7-ac1eabc6e0b8,370.29016,-2649.7476,14.128543
f2067a10-dd4e-42a5-a3d7-a07c4baf25b4,348.42856,-2758.338,6.0637593
819ae3c3-a07b-4e9f-bacf-86e8966c941c,355.11496,-2579.99,9.860128
a8000608-e169-4eea-bae6-dac058f2edc2,282.8681,-2429.5784,8.613492
593f5ae4-8bd2-4e88-8829-d50a5fcbc982,92.66864,-2401.6267,5.9999948
2df776d1-8a3b-4f3e-b745-a0fe1a3e2bba,238.87071,-2386.5176,6.683074
7f99b8df-add2-4e02-a411-979bc5de5d3c,384.43878,-2492.0698,6.0416555
db955d82-f3db-489c-b0fb-7670443829c8,439.42987,-2502.8938,6.4861197
c911517e-b67b-446e-bb78-8c336820f42a,488.68707,-2403.404,11.852352
776f43ed-d8c4-4022-a2de-d6c6a5768270,682.3301,-2656.7415,6.081184
951708ee-1a56-4817-b5bb-d0af22697f79,528.8235,-2813.6553,6.041049
ee988dcb-6781-4127-8c2c-f2f82b7213c2,529.9891,-2814.297,19.259329
06fd90c9-0415-4571-a25a-2a505b42decf,803.4618,-2994.8909,28.387981
3ae742ce-faf1-44d8-a8f3-8f4a9b2321aa,1069.2744,-2866.7988,11.260097
fc816781-b4dc-444a-865a-49fa4e2d3d03,1011.37854,-2866.8066,39.156963
db048947-37c9-452c-948d-5b0616789e99,1097.2437,-2905.881,75.14292
892f4bf6-f860-4105-97fb-2707ea414abe,1235.0497,-2901.807,17.32654
40557620-f548-4d91-83b5-47f6d835975a,1169.7153,-2989.7654,8.687312
4c717bc8-a22b-4ba8-b940-802e0973f9db,937.8052,-3082.3284,5.90076
6db78914-9f6c-417a-87a0-8ab1f34ac95f,908.0681,-3305.9436,7.089965
342604a4-ef7d-40ef-8fe1-33e71008fdca,912.2492,-3333.4158,6.0746007
fa10a054-8e9f-4453-9101-9518a95d73d4,1210.5752,-3244.0103,5.8151875
4322fa66-5f08-4d02-af7f-9216278bcab1,1291.9706,-3299.934,26.765202
4c668cbc-8e74-4776-8611-6d337c9d3656,1029.3075,-2973.5354,8.686028
7d105007-69d1-4b5e-b5c3-cdc354d32293,604.3982,-3100.1548,6.0692606
ce194785-03e8-457e-8bd3-17349e43e051,571.62,-2993.068,24.19284
a3d19093-e5cb-4421-a25c-5318b61c9614,457.392,-3205.7856,6.0695634
e74ed7d1-439b-48a2-966e-a17fd8e8d24f,487.876,-3212.8706,15.262799
a042181a-bc05-4efd-90d1-d6fa23dc8fe2,564.8668,-3126.5918,18.768612
fb3325bd-aa53-4dae-aabf-5b71e5c00875,558.0989,-3287.9685,18.709572
090077fe-a6f3-4e5c-a474-e3e3077edec0,477.90054,-3385.6816,6.069915
9ad109d9-9b8d-4cc9-9b3e-5be726a5d9d4,746.2582,-2563.2751,10.244567
2d4e0f77-7f53-43ca-ab33-e4d691b9c01b,803.97833,-2525.124,34.21186
20a4af69-2c8b-4695-aa71-3aa365f2ba59,1002.22015,-2481.7437,28.263561
d82ae4c6-e457-4f37-9d9e-a50c061e7da3,985.91156,-2573.678,10.407243
5472d05a-5d84-49c9-8f37-3702d8d95d3f,1134.3822,-2605.5063,15.935804
ab8892a1-ed9a-4dd9-a161-969597c17003,1125.0074,-2491.576,33.361042
4e31dacb-1aed-4150-a495-ea46bf520cbf,1046.1029,-2454.7634,28.909986
23eddba5-b99b-496d-965b-9236a58089d4,985.1004,-2303.3877,39.830826
7f6442a0-b2c1-47f8-b68a-950e7969ff7d,878.51587,-2328.1653,34.9324
d150a35e-10d8-4467-a979-b3bd8c6bab9e,840.96533,-2295.5803,53.67326
67040f35-e5e8-45a0-8289-497caf2f199d,790.7454,-2328.52,62.091427
2e6cc26b-02d1-43c5-9d6b-e7da073cfb48,831.226,-2197.0525,30.261992
33dff42e-5f2d-46b4-8b8c-ab24c37fa1b5,892.52716,-2196.0776,37.445564
c81552d6-3cba-4965-bfa5-ce01253eb8cb,827.08936,-2149.6487,29.618994
bb75fbd9-0165-4f5c-82cf-3400372b230e,710.52924,-2081.629,29.285511
aa94526a-8fb0-4952-95b0-3d655c854d90,679.2356,-2350.4082,22.198872
dfd996c8-8259-47b4-a075-2051a4bd5cfa,584.37695,-2090.4958,5.945978
7e06a8df-dd5f-4ea0-b4f3-57d561bcac96,484.0256,-2283.2134,18.714195
775abeec-7fb9-4a7b-92a9-fe07d960ab64,403.09348,-2236.0676,49.947647
a075ca63-bbd8-4ce4-9b7c-310e879a6e11,475.49417,-2203.3992,15.84918
fcad0ab2-396e-4ad5-a8fd-d83c74152dd5,492.48666,-2125.4526,5.9175305
581f0849-7455-4f14-9066-c991c18fafca,546.145,-2209.2974,8.762737
0ac42450-4c3a-4c01-acba-daa7e1468463,554.7525,-2202.3577,68.981094
cb8d8f4b-a662-433a-870a-202ab6695f01,1077.4312,-2359.4685,30.273232
de2b2df0-9419-4e6e-b532-12b912103af0,1122.1987,-2298.7793,31.105194
f3323361-730b-45f6-95a2-74c176ec14ed,1120.3407,-2247.1282,30.116476
3b7ea259-2a1a-47f8-bffa-ead2e2d5481c,1130.9225,-2202.8413,31.698582
608551ca-3f72-4eb6-b1ab-99d882ba6145,1134.0734,-2116.7234,38.51452
5415bd75-7b31-4aa1-b239-f5ae4066d62b,1130.1111,-2082.955,31.00887
02cf0550-37a7-4dea-b356-b1bbdad2418b,1218.9274,-2346.5205,50.401066
1d13839b-19c2-404b-b36c-2677584ca7f7,1244.132,-2440.1028,44.95916
af937ba5-223a-458a-917a-1cb8a48e9752,376.947,-1826.2499,28.96855
5e384664-46d9-4799-aee2-4e22748120f5,428.12094,-1888.5048,29.951973
6d2c2965-4c8a-45f8-9294-3d97e8a3382c,461.4722,-1871.2688,26.951843
65264b51-6141-45c2-9064-767b36fe89f0,527.474,-1840.0817,27.325045
b9f8c32a-3c2c-4b88-a577-ebe9a64c79c9,566.2457,-1814.7854,37.83076
68e2c0bd-3e36-4537-8680-6f93878fe960,561.32654,-1748.1171,33.44264
51568ce3-851d-4882-84fa-24d1ac006279,526.23004,-1748.2354,29.402945
9a032409-a072-4dc2-a827-de07f8715899,464.42978,-1750.336,28.72459
837c3250-dc26-4d8f-88c0-6cb6bd0fdab6,442.47278,-1720.586,29.401423
85a28295-2666-41fb-9e7d-a8b1b34eda1f,443.0023,-1952.8546,23.215801
d5d5e623-3ae1-4aa5-aeaf-c37a4c3d0c18,503.78842,-1948.4797,33.316925
adbd407f-445a-46a7-beb4-d30750565600,589.88043,-1870.4199,27.868822
11ab3fbb-235d-4596-ab4e-a6cc9d784fe7,577.12994,-1946.3104,18.716204
966b28ef-d295-447d-b154-2cddf4dffda1,677.82733,-2096.1497,7.3850136
a2e2cccc-34ba-4edf-9a2d-1d18e0b2bfc7,801.4153,-1877.4773,20.729849
a4d741e2-f78e-4e89-8e90-e4a4add95958,755.3242,-1846.7167,29.291555
35891023-1e80-4618-968b-16092da2679e,751.56555,-1923.6678,29.192093
1512b5ef-c474-4281-a063-2e12ee3e8114,720.2658,-1958.5297,29.29206
69f8e4da-21d1-4169-85cb-1cbea49c067e,695.958,-2054.0164,24.72358
2afcb544-7527-42ea-9e26-8a7648880015,690.60645,-1560.5032,9.708644
9982a5d0-cf7f-48cf-bcb3-3ffc55b479bc,780.70953,-1489.0337,20.187485
db5156e6-0e7a-4959-990c-f2904a95abd3,664.2862,-1453.8735,26.076706
210e0302-bedc-462b-bb3e-12c849aa3dad,819.2202,-1595.7976,31.815142
f403838a-db06-473c-9518-2fd0c832ef34,767.9851,-1699.6624,44.146984
8cfe2400-2008-44b9-8daa-56affcb6c961,886.46545,-1813.6693,34.504066
9fb27809-6cfe-4088-9169-796ca3ae164a,846.1937,-2008.6472,36.374622
d70d0d60-16ed-4c8e-8244-ed427ae303b5,902.749,-1970.8706,38.19168
c6bda095-8506-480a-b416-7900a7dffe1f,972.5892,-1806.3015,40.199047
cd7f0021-109d-42c6-9933-6831a96f23e9,1017.0548,-1869.8301,30.88983
ff9d4fc9-e296-4f53-95ea-46c150713ce6,1025.2078,-1856.5245,37.558186
cb23c76b-8be2-40bc-a735-d135f6f81b6f,1027.263,-1827.7042,32.941433
569ea0f3-95c7-4d0d-93dd-1cacbeb0b05b,1100.1083,-1988.3091,31.014673
18247841-3131-4753-9c45-3b6317f233f8,1096.7976,-1989.8384,30.912043
c1832b5d-10d4-45be-8a74-70bae382f173,1080.4866,-2013.7571,41.48032
c52d091b-5906-4a18-90df-23f25f76cc69,1142.7891,-2050.9573,31.016514
a2156ff4-8c19-438a-8eea-094f0da16005,1129.5986,-2009.5442,31.027714
c66c7ef6-3c36-42ab-8c9b-a2033dd2bb6f,1008.1769,-1980.112,56.54674
bffc40b7-316e-4749-8b29-85774bdadee9,999.85095,-2011.8679,31.777359
ad8a1900-fac3-4018-b8d8-e9357ff3c758,1279.4216,-1927.1802,43.263916
d047d316-5151-4e8c-8210-b278a1a1bedd,1372.8058,-1844.8451,57.627266
bb35343b-ac47-4ed5-a309-bd7f723a7c8a,1272.9211,-1775.3666,48.479176
9d7ec5f5-4bc6-47b2-8ea9-b1b04a657f08,1266.1191,-1720.2087,54.655033
c7aee735-0060-495d-adf8-f3ecd546818f,1020.1518,-1650.0016,41.975792
36f0648b-79cb-40e4-a8af-b1e43146c40e,982.1973,-1664.6606,47.096283
1c5a7554-afa8-4a4a-9cea-39b89909f540,907.79083,-1700.9211,42.965294
c5303a9f-ac27-4b6d-b56d-f746036894f0,953.68866,-1667.4744,42.056797
01c87108-dca4-4751-a2d7-66fc3559d540,901.44745,-1676.1738,47.129234
b8c8fcd5-3a12-4d35-9290-a1c131c5deb5,957.43243,-1627.0306,53.62514
14bc887b-421e-4cdd-a2a3-b56e781e5660,915.689,-1586.5884,30.342478
6b359a4a-a5bb-4bb2-9ca9-a874ddd4f418,928.02246,-1513.7595,30.924587
1357cb05-7dc0-47bc-8431-eb256dd74b89,911.43427,-1487.7291,30.618792
cb9c77bb-bc34-473c-9758-dc99bc324442,942.40594,-1515.2496,31.186058
1c55f457-5779-4f0d-919b-2ec84d39317e,1013.31476,-1461.3505,40.5015
8b8b260f-e719-49dc-b55e-fa18d54280fd,994.5764,-1568.3125,35.81694
37fc2186-ce3f-427b-8536-bb0faf21ee23,1016.87524,-1604.1327,38.010433
7e595c10-dcd6-452b-9d12-41fdbe9ffe07,1112.6774,-1540.4384,35.27092
d91b1605-3161-4976-9d53-89b47ba91833,1162.0702,-1574.0663,34.843555
cfd28dbc-448b-4e16-b3f7-1367e443bee3,1174.8246,-1493.9019,43.012787
7d2bf55b-ee3e-4390-bf2a-080d0e7a719d,1096.0123,-1522.1989,34.692577
3640a4ca-fcdf-47c3-a73e-672cc2c39605,1195.0077,-1464.1946,34.883224
337dc2e9-7c12-468b-a813-ee34872395e6,1256.4791,-1571.4015,78.96457
04b8c88a-e69c-4cc5-9eb6-15f2bf70bbaa,1156.0052,-1634.663,37.007046
81173e26-9a62-4a96-bb65-a686dfa925d6,710.58954,-1416.8102,26.342136
38cde989-f7ac-44eb-9510-5309e268652a,657.76,-1419.4224,25.341354
b05338b0-33d4-4f63-bbd7-b1c69150ceca,695.3107,-1350.9172,25.693727
a2550179-30cd-485a-bf4e-4c520ffb8837,730.8893,-1357.2911,37.984753
14a72068-f91b-460b-ba9b-f63800387df8,616.73706,-1329.5623,14.949202
16209a2b-8ca0-4a99-9639-d02d6a7e8fb7,582.2236,-1181.6704,16.520754
6bdb0266-67be-4cdc-bc7e-27a384a80bf4,559.97363,-1039.9066,30.980433
bec4cff8-e6ec-499e-9337-74813fded765,654.57166,-1094.7235,22.602793
9a38afce-948c-4296-9c82-b96781645772,726.79297,-1067.8574,28.311005
a381c2ce-8e9a-43ad-ac21-77ed18cb2db4,725.6568,-1149.4965,23.79948
29efbfd1-a9b9-42ba-b0c6-7ca44b58dfc5,703.4546,-1220.5974,24.703676
0e2d6195-e6d9-490c-8c0c-2d859a39dde0,764.2375,-1045.532,20.98165
68f3a47d-5e8c-4f81-a404-48f4128b524b,830.7685,-1053.4697,28.661638
6911204d-21bd-4abe-945f-107a22406091,889.3479,-986.417,44.186203
9b1ff60c-07f1-4903-834b-03cf4e189557,849.1064,-965.70514,26.531366
e88e19dd-99b8-4f7c-8dc5-c471df055808,897.49384,-841.1238,30.594292
612a67c2-86f8-4b2c-8e03-7bad2e413917,935.5418,-1010.01886,42.011707
9925adc7-2de4-429d-a76f-ac06ee3f6aa5,933.36194,-1029.1908,46.082745
d4b3bc11-bc5b-4352-82f1-922822c287a1,1015.8228,-1197.7246,25.290148
5ca6dc75-40ba-4747-8a8c-6efca2fc0f05,836.03894,-1211.7438,28.01484
17a30ec1-6305-494f-9c8a-09e3fe5ad4e1,861.23395,-1297.1577,26.961357
dae8477e-2e9e-4c5e-b734-ea1238303249,846.3041,-1382.2762,26.11878
dd277d59-b745-4f91-9819-eb80c758b7a4,819.19257,-1414.4729,27.07627
b6969176-7bc0-4367-810a-1180b7666276,1083.538,-1284.2928,20.187092
f1969a4b-03a3-40ba-95ce-7114ba50ca74,1126.6213,-1237.0726,21.366566
49780e2e-8b2c-4bb4-bf6e-2440fd0a0170,1191.0502,-1105.7544,29.981781
1a77d0dc-54f6-4bed-9309-fbd5f89db01e,1246.9535,-1109.0052,31.157124
758a4301-7a86-4f3c-8720-9a55234c76df,1194.0466,-1300.1014,35.056755
f017f583-69a0-465f-be83-2d4e2bd9dc96,1174.2634,-1387.9906,40.829903
9d294dd3-e701-4832-a6ea-8ebc45d90136,1183.9205,-1235.3042,38.19378
c29b552c-f702-4237-b4c1-7cf2cc9b2637,1119.9872,-1301.8984,34.71647
36636cf1-19bd-4b77-b1f1-0ad93653af73,1261.3735,-1075.4407,38.33018
f3fde1a3-076b-4673-99cd-b0f9e1b887f1,1130.9175,-982.7922,46.4158
a5c38088-5bd1-4147-afcc-297d3d666e19,756.41943,-932.8719,25.103493
de8992a4-7b34-419e-ba20-9ee35b979bd3,658.079,-1023.4143,22.722029
32104ef4-94af-4f54-a0fa-1f2350289600,703.60565,-795.5761,49.38967
e231e338-abda-4c21-b1d4-c224ff294419,742.3359,-799.90607,25.637054
fcb4ac77-1443-492e-ac45-2fa5bd9910f7,737.9448,-742.7098,26.447233
468f8cfd-a8c5-4b55-a5ae-50bf885317bb,825.6171,-815.66095,26.488554
579ec1ad-10c1-43fc-add2-e717c4b33d01,1029.6051,-826.7136,36.231735
518e6d9b-0058-48c8-afd5-4239a5282dd4,732.49786,472.65125,139.84468
b2af7e52-1b18-44f0-80ce-d39205b2b61b,806.8623,525.5771,125.92022
8272e025-550d-4e07-aebd-0e572d62d7da,720.09503,579.44696,140.79437
a91146f4-a129-451d-aa0f-9abbfb818ea3,677.2749,589.57135,130.46152
4339e4b8-fc04-4eb2-9451-4f69a773ec34,358.38184,428.86603,141.73163
d38b44cb-a422-44a9-8680-ba84d57b88b8,297.53516,492.07333,151.26677
6a3ea034-81dd-44fb-bb49-4d562280aafa,374.53046,797.424,187.28911
7686b914-4113-4d0a-b5d2-e88d3af668c8,664.0358,1285.5527,360.29587
3e37683a-dcfb-46ae-b791-ea9e3ebc39b2,755.2798,1300.3309,360.29645
8bc0c21b-46db-4fd4-a9a2-a82b394602bf,763.6309,1185.873,349.08035
20641711-d170-4f31-9c28-4f43db95a14d,814.7762,1179.146,330.7894
703724a8-86cd-4076-89a6-838ee189f94c,130.56647,1148.3322,231.59415
cd40bdad-f272-4216-9e07-22fcf1848cb1,172.6996,1232.3253,229.59962
27b93102-df62-4dda-be53-88fbb4e307fa,-186.34306,1554.4739,322.24353
06ad5c2e-9e70-407c-b26f-1a4eab363a7b,-445.36053,1599.1389,358.22568
a54b207d-8d12-46fb-a2a7-0629d240c2da,-373.70096,1257.4299,329.49542
04b9a688-1a22-44ee-83c0-2c26739ea0e6,-427.24246,1212.4261,325.75836
676ecf32-c5ac-4bf4-b7fc-e3c4ea264ef4,-388.7308,1139.2572,322.62384
6a42774b-3ade-4cf0-9b9a-19d4a8b1bf7e,-431.66986,1101.9854,340.49454
95485550-acb6-4676-8b5a-ab8d968d27ed,-443.00366,1061.1384,327.68152
988e53a9-96f0-4636-a9df-85faad5cd7d6,-150.27222,1446.6158,292.7901
c88fa18a-7097-4169-88c5-5bb90c259cb6,-131.55087,868.34955,232.69044
e5121c68-435f-4c65-9f32-a6de630dafa5,86.81963,811.0284,211.12085
c80f51ff-d964-4fc9-9043-229b36eff440,7.60427,308.95166,110.914665
5064cadd-1dd9-414e-90bf-cdcdb61b5c62,-78.49035,369.3577,112.45822
e19d07aa-e32e-4f11-815f-a431ccb9b24b,-92.428246,357.58533,112.75517
79673957-f791-4fda-aa45-052d69403f0b,-296.18628,308.05487,90.718445
b104921e-0870-411f-8fec-62fd3242b176,-369.5576,275.59784,86.42199
0caa7df8-e743-4632-ad66-cb711d008b35,-313.03055,234.01752,87.66361
593d7d2c-a0a4-4189-87cc-1ca97471700c,-348.34497,178.78651,87.91796
285dbe9a-25d0-419b-9443-0848940d60b1,-475.89304,179.35818,82.04877
7b45eead-466f-4e84-bf40-2661dc03b7ee,-440.9501,287.4658,83.32806
f78e668c-b5e8-4bb1-9b07-8cba2822829d,-565.62915,295.0294,83.029526
c8b79ef5-94b0-44fd-9396-39ed3737c203,-607.89795,378.9298,95.58035
b2aa3c8a-62a1-43f6-a61e-5e653c8bd385,-628.5135,347.71936,87.723526
3825b915-dc76-4111-9bf9-03fbd0428df7,-627.10693,296.11188,92.70232
59a795dd-b89f-4ace-b531-31afee13ffb7,-730.8947,313.54657,85.1033
5a258f20-9ad6-4e53-acb1-e765ca25330e,-781.0383,167.59993,67.474525
1997d43d-a133-44cb-942b-ecc94ae59773,-926.3442,158.48254,63.475864
31de3bd6-e223-4175-a2bb-c3fd7f134866,-947.41364,319.87582,71.35191
de94bf01-4bd5-4b2e-84e2-813df12d3024,-935.591,397.49155,82.03277
a37395b8-7308-40ab-9bf6-12122ceb7ea6,-1597.9241,256.62723,59.55032
260acf01-9b68-4e59-be92-cf06e47e29f1,-1749.522,233.99031,64.44877
511bdda8-f2ae-42a8-bccd-a2c60f0f05eb,-1787.4543,429.96536,128.10783
7c542626-c739-4649-aaa3-97b2c21b8f1a,-2286.7424,310.19666,184.59605
433d1c23-659b-4f82-a0e9-2298c864c034,-2303.26,205.5676,167.60182
69622972-c4da-4397-8f6c-b35291ac8b86,-1587.6942,780.73883,189.19406
c835872c-6422-4849-b2ff-a611b1abea50,796.75616,-2626.1985,87.93998
a333d282-a526-4839-b44c-2dd330be1def,1252.2942,-2577.103,42.938805
f684e8e7-9bbb-4269-8392-ee8d46aafd42,1325.88,-2526.1204,46.278133
c14a93a0-72b4-4c9d-a55b-beefb336c35b,1613.2174,-2243.7292,132.79408
ef052d95-4946-4a8a-aa17-2525706add79,1438.8494,-2284.8623,66.87995
30468178-2e10-4f83-9ec9-76e4d7d0c6a6,1573.3289,-2170.3645,77.50901
22c675e9-024a-460e-a6ca-f30cf0cebf32,1494.508,-2096.327,76.72143
b35d0233-1c3a-41fb-b5f3-b3324cfab4e2,1362.6299,-2109.7244,51.998577
2557a6a6-37bc-461f-a042-7db5d4831608,1431.05,-2050.8098,51.99874
7957ceeb-f66b-43bd-9ffc-bfb961d492d4,1648.6246,-1881.9021,108.37072
4eb010f3-92ca-4564-942c-67069e1cd9f4,1601.2606,-1679.3123,88.054214
41766125-a305-4708-b3b0-07a9d518ac40,1522.5967,-1749.1276,78.67051
f8b8fd0b-be6e-4c18-b0f8-e2f1c741d2a1,1744.5327,-1686.5372,112.69768
f9a72dc7-1053-4fed-9ad5-f7002242ee5d,1692.0366,-1662.3173,111.44627
aa7386df-e1b1-47c7-b31f-b52b84e51a1c,1678.6007,-1450.8206,112.51377
0a94b812-87e2-42a9-85be-fee47ba07281,1452.1049,-972.00116,50.660652
faf23f87-e203-4841-83a6-c9d85fb1dcaa,2502.3552,-304.34732,92.992905
1b4322e1-9af8-4d97-8b90-f5aa1ab5cada,2500.4348,-428.40536,93.25726
07442091-3242-4acc-8b7d-d62db12e815c,2499.497,-384.07098,94.329994
b93c45f1-e3f2-4bd5-a497-770217ecd847,2330.6794,-346.60477,78.41508
1f9f2deb-7c5d-4107-83b6-4b5bb747d2a5,2565.5427,295.31488,108.73495
195360b0-fe1b-4787-9ab8-beaffe86bb9e,2550.1106,386.9983,108.622925
fb9fba36-bf2c-4530-963d-1e83ed015a78,2590.029,435.54245,108.61302
94312999-3366-4798-88f5-0a1a30c5e3c4,2580.3674,1266.4697,44.392048
a3657abc-cece-4d5a-a991-fb08f495dfb0,2663.7615,1443.5741,20.821676
73394384-bd48-4040-8678-3183470cdb08,2789.8464,1398.3192,24.442665
60c53481-afbf-45ba-a78a-d2ab9703a08a,2738.038,1517.458,24.500721
300470ac-31e8-4cc5-b48e-210cc527768c,2722.5068,1543.9333,50.530926
69d7e66e-ed2b-4a84-afbc-3a5100999f92,2751.9277,1720.765,24.501648
b0448707-5f3a-49a1-830b-97a205742e27,2619.7175,1691.7677,31.869423
c2b7160f-6430-478e-a7bb-675ed3b7d3bc,2461.9958,1575.2894,33.112583
be5d6013-950a-47bf-b253-1487459a1362,2286.2207,1719.0942,68.04052
0db95507-2267-4097-8032-195f4b08850d,2134.848,1946.8457,93.78754
1ce55733-1fcd-48f0-95d8-605e734833e9,2094.9326,2324.8323,94.28534
f13dc008-b091-426b-b7d3-997a3aa329ec,2357.9834,2594.9316,47.112465
dbb172b4-1485-44e1-9e76-a8710eb992fb,2327.153,2530.036,46.667732
937ca3b7-ab9c-46b7-989f-9b3233573fa0,2566.7449,2572.72,36.86963
ff28ea4b-ea5d-4e88-90cb-03572d2dc6da,2517.101,2580.981,37.94487
7d25fea3-24a0-4f84-b70e-ee9e8d52155c,2563.1526,2731.597,43.321247
e012d7a8-26c8-4f19-b82d-b07a99e3a337,2677,2791.277,40.518616
08324fd8-a386-45d0-be47-23f825ad93e8,2676.6826,2756.132,37.940086
8f6a04e5-d0ac-4e5c-b594-ee0265c85908,2757.7024,2804.928,41.61524
139cf8e1-8123-4c5d-befb-f47db64631e0,2944.6836,2751.3875,43.380157
3bf71089-dde5-46bb-8d0c-3627c318247b,1663.3483,-60.214436,180.16463
1eb0a7be-e5a3-4838-8eb2-e3335f54ea65,1665.9044,-9.295782,166.55797
bc6baf80-66b2-4534-b233-9f0ffb690b74,1664.9044,-28.08239,196.93599
cd1da43e-8365-4093-ba42-6e6b5ea882ee,1660.591,29.04951,168.61438
db9b4fa5-5959-409a-9e0c-a33f3793b5c4,1902.4526,612.35767,190.42316
c69e2efb-55f7-4224-b0c2-770da80ffbed,1573.5941,854.2493,77.48462
6e9b4b45-ee4e-417e-a19d-cdffb9d09271,1470.2078,1138.0833,114.322655
2d16f629-49f6-487f-b616-817f8a1d930e,1450.1293,1133.6924,114.33402
518b3e26-5d3b-43a9-92a2-b4e83dec3c2f,1462.1445,1042.1951,114.33414
bd2e15d1-5088-4c17-9e17-9005b7a97463,1462.1578,1085.8546,114.33436
91bd0b77-df31-4454-8ded-6a94d9790e41,1494.9535,1115.4679,114.33425
1ba06d35-fe21-48e6-b942-449a943332eb,1467.2845,1168.2444,114.33432
8fc501f3-9554-4afd-ac98-cda947fcdd88,1405.7877,1137.7584,114.443
7a69ff38-e926-4af9-8f6c-a1e346089038,1632.503,1530.0942,99.0066
6b68c245-ab9d-408d-8b6c-31856905416f,1525.1975,1709.6942,110.01085
c36973d7-b9be-48f6-960c-1c00ddc7eaef,1772.8289,1816.1923,74.67076
0ce90c60-b5f0-4b5c-a729-c125c81c9c03,1558.0891,2179.65,78.81186
ab82d182-ffea-49fc-a0d0-4ea2d2a9eb23,1594.1843,2198.988,78.87089
b7c69665-def0-4b0e-a2de-51960f2d940a,1547.3352,2237.6023,77.69904
4ebd5f0a-be16-446d-b410-e093df8aa6c8,2189.791,2735.729,46.745857
c8e18dea-a29d-4f31-ba6a-0b0f893cd4af,2409.6792,2908.2183,40.33705
0e36ccd8-bfec-4738-b6e5-052f1ab79544,2327.566,2948.3977,47.159115
5c310c7b-86e0-4e58-b873-c3ba98a7b255,2279.3184,2949.0405,46.750584
ae32970e-2a42-4f46-b9fb-d850c2fd9568,2137.4368,2906.711,59.76971
7d1ce2e7-4862-49b4-a385-633c297b0fad,2105.1858,2927.352,47.646385
4b6fc303-ae18-489e-a94a-6b6d5506e32c,2080.5618,2946.6328,49.921745
e6f8a57c-940a-439e-9174-34f3149a1474,2048.9487,2948.338,57.515495
563d3628-5517-4d5b-9a4f-f467becce32d,1874.3728,2715.2964,55.815075
0f7b952b-d1c4-4941-ae4c-34a19a133cdf,1831.7646,2603.0142,45.889095
5ed07296-8775-4775-9f32-6e392d4aa51d,1761.8408,2568.6716,55.440002
a91b2266-9500-4ba1-88ba-bb9d7456f7ac,1777.6777,2598.636,45.564976
9f934d33-7d3d-4db4-9efd-bce58794a824,1773.0275,2762.11,63.049805
d66de5a6-b01d-4044-910b-624993fd33ef,1261.8718,2745.5862,38.655323
97e60797-4163-4183-b796-7b8866858c2e,1223.9963,2742.0588,38.00541
ef3dad33-0f7e-4fb6-a22d-e1a7d5a465b1,1187.3711,2636.4592,38.40187
531ab5b9-07ce-4d5d-80dd-abb046843c02,1177.022,2711.6697,38.097767
54f6f616-2ad3-453a-9c7f-0cdeae09055d,1166.4657,2714.245,38.157715
2336b2ea-2318-4cde-b709-03cd29d79ab8,1045.3931,2653.3806,39.55109
c7df3e6c-cb77-4f22-87ad-bee07405e903,649.76904,2731.3088,41.995663
d062a7d0-0f01-4bd8-9ece-2c82b4585860,622.0968,2749.804,42.088135
8a3c801b-6148-40ac-ab4a-2bfeec86c5f7,580.61035,2782.3767,43.48124
638f12c0-7d28-4833-989e-9bea9b657637,543.9417,2663.26,42.15654
df69d561-8e42-4a6c-acef-b3f31162b47a,746.89886,2588.4246,74.45776
cbaea358-8236-4a02-8ff3-f16072861642,730.58655,2529.9912,73.23068
713df876-f395-43b4-bbc5-00281fbad76d,873.4184,2414.8433,53.963776
321557c2-539d-4fea-922d-cc4e96d30ea6,860.691,2386.7307,54.115044
010074cf-4050-428b-a37c-73ace41f3940,924.3589,2405.5776,54.512016
61982740-a2cd-41f5-8155-2511995035d2,948.6778,2409.521,81.349365
88a5c27f-0bb6-44c3-a947-df424a1edbb7,1007.45483,2430.3655,46.176064
3b071647-9ab3-41ae-9253-401adf544d95,1054.3466,2509.4468,45.897255
ea48c72f-9464-4cc0-9831-e39776c12d18,1219.0652,2402.5684,66.24492
2321c767-0c6b-4951-9e20-b30dd9336f91,1148.9653,2316.355,57.38236
924197fc-0e64-42db-9697-8c6014d48c03,1129.4302,2171.4646,78.4762
0e4fcbf8-a7c4-4b45-9d24-41c4d9a4dc77,1086.018,2139.0486,53.259315
916488c9-23f5-41ef-8f0f-f58addcdd0ac,1059.0134,2235.9119,43.175663
e999f5ef-5355-4a41-ac17-609deb26d71b,1063.6135,2311.9553,45.50758
63827492-cc96-49c6-9a2b-5f28f6c60ba8,872.1486,2196.5457,53.599422
46f999a5-5049-40f9-a3a7-7bd7b7186b8e,801.4178,2176.0264,52.27502
bcffe819-19fc-46cd-8d64-5f870e4d9e3d,725.60693,2331.0637,50.45559
412c1e20-d0be-4994-88b6-a4697ccfa5c2,471.58902,2600.4749,43.273155
1e3b2701-6475-4382-9497-f1c8f7ae8732,363.67706,2619.8674,44.526505
7185ac27-3d78-4031-a88a-395d72f2e3f7,259.38486,2585.7507,44.9541
6a4e9a98-28ed-4f3f-bc94-bac6569e6aa6,262.88614,2592.3665,44.947395
cc00df0b-d8bd-479b-8060-57a80484333c,182.19266,2463.534,55.7568
43b3f45a-47df-4119-a01f-f3faae22e2f7,171.98453,2221.4333,90.794106
4541d7c4-0096-4059-98ac-fd8bfc6d0a8a,139.0404,2299.0583,94.19591
2e08cf04-c623-44cd-a957-031d02d03c9f,-35.274937,1950.9584,190.55463
44659390-4c6f-4150-834e-e7a0a4713ed4,-52.02842,1896.0576,195.36162
f55a6878-d5c5-451d-b29b-ef8d4d6c8522,-143.67853,1898.0885,197.27788
fb0431b8-3d85-41bf-84d5-705b33a761c3,1224.3483,1899.1857,78.00976
d9b63543-a7ab-4106-a0bf-2264b1074734,1243.0879,1876.9674,96.49906
2dc214aa-1af1-47e1-91d0-fd62d889e977,-787.82965,2119.7273,97.4596
7334b1fd-c91b-47cb-b76a-e2c5346d3fca,-275.5078,2209.977,129.81543
08a9f4dc-28ef-432f-af7c-c53127884d91,-563.4225,1886.8599,123.035965
bbf5115c-6d9c-4e6d-bcd5-1149685cc5b3,-481.50192,1895.0491,119.67274
2fc32265-e348-46ee-8850-b487502244b1,-472.96118,2089.8337,120.06569
d2318800-183b-42c0-acd0-18daa7246785,-286.5108,2838.186,55.010742
4b55b656-3b88-4081-b6da-8a105b1d3cbe,-168.11882,2858.5806,32.695225
523e04e5-0cd5-43f3-8b94-a5521d0e3d26,-110.63761,2810.7563,53.158665
189d1f79-d1db-4fe6-b892-f383ebfae861,-124.07407,2790.6978,53.107704
0dac6fb1-b0a7-4b4c-90ee-bed5151e9e3e,-31.003462,2888.0903,58.834972
fe6a8978-ec87-45ba-af8d-721652cceb3b,-1100.1445,2717.2688,19.107859
d14f4df5-faf0-4d80-9c4f-c693ba2ec5cb,-1101.3439,2722.486,18.800402
77664722-2caa-4928-baca-b6b85dafb9e3,-1317.1204,2507.702,21.923246
eb045739-8655-4f78-ae6d-cf2bd7dad6cb,-1511.405,2395.4292,19.19088
4d010623-423c-40fc-b943-5e9c979876ae,-1515.4263,1508.9476,111.65536
bcd208dd-9478-41db-9bcc-016277657096,-1553.1714,1371.807,126.70703
6a28f91b-0cf7-412a-a4b7-098829ba9810,-1912.5201,1388.5145,219.0918
89ce5fd6-e637-406b-b3a8-d4e26ef52957,-1929.0408,1786.8309,172.67763
1f75b730-514a-4457-b6c4-4c3e2ae96b39,-1955.6809,1777.7673,183.05954
c3ea5038-d9d1-434a-9c98-95ca5ff75f74,-1822.2717,1915.1202,139.89304
0d64891b-7516-4f0f-8d06-864e5707d4bb,-1889.7625,1888.9856,163.02301
dc49385e-f9a7-488e-a82c-b4a2e22c9ee9,-1713.6027,1970.9949,125.62882
641d7076-2b31-4886-b8b6-9bb603df4255,-1896.653,2134.7424,124.248474
abbc79cd-5db9-4b2d-a4f0-37f26852b47b,-1897.5021,2079.495,140.99751
ac864501-c059-456f-9f48-ed90060789df,-1937.2433,2063.1143,137.79172
a6681636-428b-4239-9302-8205d634b678,-1900.8052,1988.7233,140.26477
97faad5e-9a77-43e9-835f-7665b0bad3b6,-1876.3512,2028.0948,140.02617
da6840e2-877d-4d5b-96da-c0d7e812d01a,-2557.364,2351.218,31.546246
a404e31d-74fb-445c-bc36-1aedf4e5af3d,-2634.1887,1894.9282,157.8624
c58458ad-e97f-48c2-beeb-d5fec2e55199,-2571.52,1877.888,158.43423
c980d517-38cb-4f29-b3f7-6928eb8c1e33,-2555.4695,1896.4565,169.15436
60fdb11b-bebe-4368-8a24-89521dc6cbfd,-2793.2788,1444.4724,100.83803
15dd329d-a222-4049-a14e-960d957b408c,-2702.8052,1380.5045,114.15539
849d73f2-d10e-48f6-9a8b-8af73f56dc7d,-3175.4421,1247.1504,6.517187
9ce90b7c-96f8-47ac-ac57-ba79dc880b0a,-3262.4316,961.5074,8.347164
db78aaf3-7776-458f-bb31-d190b7ca5598,-3425.2317,984.57477,10.068343
45e78bc6-8d78-4b57-9d01-73edd90b6733,-3247.7983,1010.3124,12.467177
43619f1d-89a1-4d24-9ee9-0fa5e407bc69,-3178.822,1050.178,20.986193
8369babb-254e-4545-b22b-8b832b004cb3,-3172.4802,1074.1819,20.829185
f4fb007b-4390-4551-8ecb-2593f3f98d4f,-3151.04,838.4945,3.0465791
7de4f795-c5a1-4fc1-bc36-0fbb811ca54f,-2946.712,708.2646,28.639187
62c32bbe-9ffe-41b2-a8f2-10f3eb99c530,-3047.1128,586.5268,7.9089284
e6434bd0-5abf-4978-8435-dea3ce0e75c4,-3100.9832,400.1488,2.356912
619e48ed-aeb7-4324-a622-8b8073e8792a,-2991.385,417.429,24.854914
48b50631-c2b4-46d9-8977-3c1db46c79b8,-2949.5762,454.3962,15.311224
43c7d6ed-1ba5-4e0c-9b8a-5b6d689e7400,-2956.52,473.322,15.513348
12b515bb-5019-44f0-9f55-4bdd98af80c2,-2953.92,34.171227,11.607912
4e13ef6e-b7a5-4cb4-9cad-fca87ff49737,-3025.9482,70.35731,12.902245
83d0e123-fcd8-474e-8a1d-9246b012f445,-2983.9316,1587.8821,23.442175
edb3ef08-51c2-4644-a7b9-2995797e5892,-2647.657,2702.6804,3.273846
da10f107-027b-4167-bd39-6f371acd18ea,-2079.1746,2604.0479,2.0274177
869217b3-cadc-44e1-a776-9e92940e4765,-1376.2073,2594.2283,4.310682
8cea0293-425b-4648-8ce3-158f7fa23bd4,-1617.141,2805.6965,17.732038
3d993adf-35ba-4e83-b459-50f5d88e7d63,-1798.9412,3104.4858,32.841793
2093142a-01b5-4af7-99fb-cff26ff91709,-1822.8467,3257.4207,32.826153
bcad945f-00ec-4ea2-afb1-531989b7b162,-1783.781,3007.4036,41.340233
be377af3-2a5e-46e9-8cad-875fcbbf9295,-1924.639,2797.4133,32.78684
5bcdd5e7-1545-422d-977d-d2efd490b458,-2084.3508,2819.6953,34.83799
017ac276-76b9-403d-9087-de3a77168019,-2098.9292,3259.0408,32.810295
7a0ac470-06e8-44f2-a686-0cb8e48f3828,-2321.5635,3260.7256,33.081295
3582b843-2209-43e6-b01a-f6edbfc74604,-2361.0461,3249.1775,32.8107
18ed55c2-95e8-49ba-8282-b1e0a07ca282,-2360.9543,3249.0876,92.903656
6084d47c-d013-4653-a947-63a0c2d6c9a5,-2358.8242,3249.0654,101.45081
99446d1c-eba9-4711-8213-926a99059079,-2327.9673,4127.3477,26.339361
114139ba-5051-4a85-a6d7-5375b3308885,-2186.9714,4250.852,48.940166
85945d7b-509c-4e52-aca7-7b3778d4bcfa,-2174.5361,4294.4043,49.048508
ba34f7b4-2a2e-451b-8824-f98b56efe849,-1996.4634,4513.3955,27.126358
d6e17253-79ea-4a3e-84f9-d9274d5d1392,-840.03925,4182.3115,215.2901
b4459f06-7a3e-43e5-bae2-5af5c7527b4c,-524.10443,4193.843,193.73114
7864d383-7fda-416c-aabb-a50bfe686e1e,-419.53918,4010.7354,81.27849
66df6e80-5489-400d-9350-fee2a17ac2c1,-520.91315,4422.2505,89.639305
dec18635-f03f-48b8-b1b9-86f77297b009,-336.33707,3728.0322,69.948814
d83bdd71-efbc-4279-b4d7-4c97d0a960f0,-218.91255,3660.1228,64.41255
445d4a0c-c72a-43cd-b361-f29f9e76dbbe,18.866585,3651.687,40.115498
780ccd2d-59db-406b-947e-d4f5460bed0e,63.50395,3682.8418,39.834343
4393a714-0dde-4269-b34f-bb0624705a83,55.973988,3690.3132,39.92128
ac11f114-ff57-426d-baa7-3c180c93ee79,52.375782,3747.9163,39.68732
e911e6c2-ede3-403b-b2dd-67221c0170ba,108.32888,3682.6123,39.75488
a1b172f6-9932-426b-958b-f02619650ebc,211.63684,3517.7644,34.45726
70323999-9191-4462-848e-a52e8da6aebf,-384.94788,2958.8586,21.229422
d3177a73-0f6f-440d-bffb-5211e9b1c3a1,174.5479,2796.9595,49.807915
7511a8d5-e344-457c-b52d-7e05d83a9c26,307.20193,2895.3003,43.60737
bf2ff0bb-8994-4622-be81-d32e3d01df43,268.24188,2867.454,74.17472
41c0c248-f308-4861-bf7c-b25cf9e46452,412.763,2966.2322,41.888077
7bec1eaf-0d00-411b-9ba7-30346b539be0,542.57416,3106.6858,40.238342
dd55a74d-0647-44e1-8afe-479518811161,602.55255,3025.958,42.01532
770ec730-e102-4927-a43a-24358f9c7dc5,634.602,2820.5603,39.480213
92f18fd7-d810-4373-b973-d565dd695613,860.5376,2877.386,57.982708
502d63d3-b0cc-47e4-b34f-1f140ae1be5b,987.8057,3051.9773,38.35475
c88de063-de0c-49ae-a2da-938e2a5f7aff,916.79395,3202.3206,38.223347
4676a598-da69-49c4-96ed-ba19cb4ad2f5,369.13254,3093.337,43.547997
576290fe-26b7-4a38-8e6c-5b5fa0566f8b,1329.8119,3010.661,43.45291
eaacbf3f-88c6-4acc-bed8-bcbd4984a044,1625.3236,3184.381,40.66972
86eb726b-e316-4fb4-9040-4fa5a1924f43,1700.6077,3291.7603,48.92211
a1ddac5a-fcb6-472d-8d0e-3b68ebab2667,1715.379,3312.09,41.212353
1212e90f-3b01-4504-8a3c-99722419b62a,1740.8821,3325.7913,41.22352
52505146-db8d-4a0a-bd30-c4b3b17c6f45,1726.3762,3027.8071,62.302704
71f0cf3f-64c5-441d-9963-d48765e861a7,1585.2985,2919.5388,57.112072
433e6bca-30b5-4d36-8869-60a15837c307,1977.7412,3021.9785,47.056293
538bb2ce-931c-42ae-8659-6d31783e4b51,1992.8358,3044.6638,47.21511
a9271a91-8592-452e-8389-00a9f0d8a624,2046.9536,3206.4062,45.1865
bd615be1-5717-4a68-981d-bc2cb31f040b,1967.9691,3259.5159,45.92032
c3ae8865-373a-4286-9372-939270b57f73,1758.8933,3332.823,41.798794
04195272-ee18-448e-9dfc-a7b55534ee22,2045.1519,3438.1472,43.899597
9a50ff7b-94d3-4287-baab-97aafe3fa723,2163.8066,3323.4387,45.874653
25337422-0b12-4f12-a048-f0040c6b69d4,2379.76,3349.5479,47.952255
9fd90b99-1b87-441f-b695-812f05af14b9,2667.0461,3281.9905,55.240566
cf3bdb81-f970-47dd-8534-1de525a2e9ae,2368.6345,3033.4421,51.078518
e0a12e08-1ed2-40d2-8d5c-917f5fafe5b3,2332.3032,3070.293,48.57332
891c2b39-63c3-4291-8703-c149783f64cd,2577.6108,3299.4736,53.524338
11ca5a8c-51c7-4905-b184-7162e8de9f12,2486.128,3444.35,51.067497
e932da0b-f401-4ba8-b17f-7555692de1e2,2673.0813,3500.752,53.303284
cc4cc996-f6cc-4941-9956-ac0ba7024971,2667.3364,3467.8967,55.642532
9d91d4c8-7906-44a1-842a-5deaf6b22d3c,2800.594,3512.818,54.745235
0cca3636-a30a-4558-9c51-359d24389f66,2849.2114,3443.2742,50.88223
5a897bb5-9e6d-4746-8187-28b334ea38eb,2878.378,3683.032,49.056282
cfbe6754-fdfb-41f2-a7bc-53847e621789,2514.0803,3790.2532,53.10956
35f27389-663c-416e-a68e-9930c3bff855,2491.5085,3759.311,42.254185
43f75972-2669-401c-b5bc-7f39d26c45ce,2615.8613,3664.0042,102.10259
b9706571-5d5a-4730-a3f0-f832ef631712,356.37415,3399.7285,36.4035
f10370db-69a3-48c5-912f-0f1e39d0c80d,374.71606,3574.4294,33.292217
ff62a1f8-b371-467a-b80b-96d30d761f65,438.63077,3563.0432,33.23854
4ac4f35f-6ec8-41a9-9d9e-448c890cfe91,648.8809,3506.1748,34.074635
f07e159e-aceb-4cf0-b22b-eb9aa8e96e18,890.9959,3612.5283,32.824215
e823bf6d-6e2f-4516-93a7-73dd20d85953,912.6689,3555.2393,33.860687
b6b53145-a0d9-45e5-8bc7-863e57e67909,903.7149,3560.8813,33.805313
fff68244-3d10-438d-afe6-cc4331895260,863.22266,3673.358,32.873875
fc48e66e-5ea8-4c6f-a8f5-ca80cb1a87c0,904.8598,3657.2197,32.57058
cc51b057-d11b-4407-b1df-4c84fde25610,974.0202,3614.6956,32.705112
e84a514b-c418-4a02-95d7-808131684330,995.05316,3569.6833,33.712627
f55665dd-518a-4c27-9c1d-347a02d5dfb7,1388.6155,3607.4705,38.94191
defec056-2745-4850-b43e-4e4d10a6f0df,1400.0729,3617.8618,39.00075
ec9d3242-bb36-4353-b45e-a6f9339c90a9,1407.9026,3671.6765,33.930622
fd0b1542-5f55-4ee8-a8c1-c372fc2cf310,1362.533,3650.87,33.821793
422e6f4a-d911-46ae-8612-e11f823d5900,1444.2189,3748.7744,31.934195
52fdf60a-30dc-4460-9bd0-a351e58b8201,1534.5657,3797.3774,34.451267
82ea4e40-cb69-4217-b307-2d8a26824597,1545.872,3810.446,30.100279
b9d3e131-0c0d-46e5-b0ad-60549fd9ddbb,1514.2787,3687.7883,34.666298
75f06d9e-a1e8-4b8b-b33e-67fd1f063065,1548.9008,3512.3796,35.994633
087a476d-5b53-4454-93b4-97047c4855ac,1609.3759,3574.274,38.775192
8e889f69-caee-434e-a484-d57f23a23872,1579.6005,3618.644,38.775204
3abd2186-231a-42a4-8954-6ee740fcca36,1554.9233,3599.937,38.77516
0f7deaac-c640-43a8-8610-41ae0cf05ae1,1505.7678,3580.215,42.11191
bb441956-bf9f-4b15-82d9-59320e261b22,1573.226,3576.9368,32.714996
e388ff56-0126-4dba-841c-512787545622,1647.5834,3623.44,35.32934
a50871f5-349e-4297-8cf4-93df6733ea97,1619.1237,3712.3762,35.01218
b2cdbe4c-f11c-4a2c-9be9-3a122da94669,1603.5748,3783.5662,35.136967
c898ddf2-d576-4096-8a9a-26442e0c614f,1518.3926,3918.7737,32.206875
835900c4-8a83-4c9e-8d5e-1492bf61d7d9,1704.3345,3845.6648,34.933723
36876860-f9bf-4ab3-9b0f-be5c7cf45526,1788.4354,3894.88,34.38926
84625b06-b9cd-4819-b6de-aef65e421637,1885.4004,3911.9849,33.08888
2560d319-f4dc-4d87-87d0-2fd4f405200d,1923.1573,3987.9043,32.236053
bcd2513c-a91d-45d4-b783-21fd685b7bab,2010.7261,3931.769,32.444485
f10b8c76-e817-4d42-884f-15213bcfbdf0,2057.13,3940.667,31.686794
2bec5a4c-118b-42e6-95ab-1d98c57e231d,2035.2345,3895.723,31.89318
60d0b308-38fe-485f-bba3-910a85b015d1,2070.4626,3821.6194,31.827013
ed37272f-08df-40dd-bf97-06d623598a7e,1995.212,3794.8513,32.18078
e96ea3ce-5a0a-4aaf-8abc-ce8953e3b1b7,1956.01,3823.5537,32.17602
5c77d5be-655f-40ed-8910-5572d39d6cab,1965.5712,3819.522,32.39694
5cd91f9d-ec2e-4a79-b1b3-5ac7fd2491e5,1960.475,3748.6797,32.34375
53116e5d-fcc1-4b3d-b194-c836ead58016,1931.4701,3734.139,32.84447
51505032-440a-416c-9fc9-7a1591edac74,1901.4509,3735.129,32.648575
cbdfbff8-9714-4182-897a-fb211cef9b29,1872.5475,3750.6497,32.99144
9e2c6920-dcbd-4a80-9acd-0db7316611bc,1746.7527,3688.7744,34.34875
f5adaa82-c3d9-4c76-b00e-22612a0ca255,2413.8523,4032.3875,36.81678
3bdc2424-4f9a-44d3-b793-d0c381093a52,2439.7405,4068.3638,38.064728
93d63cac-4bdc-4da4-ab8d-59188af40561,2515.6384,4084.8806,38.613667
a37b747d-ef68-46f4-8c8c-8cc218a829e2,2500.4614,4216.729,39.63158
909d110d-e76e-4a3c-9a12-5f0499877c49,2559.9224,4282.787,41.616707
1de09962-87d5-461c-b9c7-d611cd178f85,2637.415,4237.85,44.803402
01c5e12d-8873-4182-a2e8-93227bf7e9c7,2707.2544,4127.48,43.87002
4f989d27-f1ed-4808-924e-a4080d9c783c,2734.7522,4142.72,43.89535
ac1d5fb6-3762-4d9d-b89b-db64b6c59fc3,2767.7974,4236.446,48.882107
c82cf2a1-b3b1-4e10-a21c-0747c6e2c640,2734.478,4279.6494,48.385014
6e849f1b-bac1-43d2-8e69-58c355a9e351,2740.345,4418.29,47.801464
de493234-7a86-4fed-a3e7-4adce9e9a410,2879.7415,4367.796,50.407
4626e4a4-e10a-403d-924f-8c123d194649,2870.8533,4395.7925,72.18846
0d16693c-d22a-4c69-8493-dcefe5b79626,2997.2314,4104.273,56.983295
5ec8caed-2879-42ba-aade-0e4ffa102a50,3077.1162,4036.7996,66.47164
610ef74a-5fb6-4c32-ac9e-ce631c662a42,3094.6877,3856.6758,72.65929
c7dd8640-b0de-401c-b9ee-7dc7199ecad4,2971.2861,3479.3083,71.442314
00cacc2c-9659-4aea-b558-5243a2510e2c,3389.135,3701.9163,36.49112
7a3f71d0-ccc4-4805-973a-7877c613f03c,3620.5642,3743.596,28.690088
200dd4a2-3c4e-4d01-b1ba-d1ef64dbae16,3591.2136,3677.1418,27.621513
c0ad2f95-8634-410c-a87b-6678214aea33,3612.2783,3737.51,39.086143
e14e0b35-bcf0-49c8-a308-6fc79aa40e34,3629.266,3727.6616,35.792416
b6a22d88-bea4-41d3-84c3-c4b68df7db43,3562.1838,3696.9229,53.2861
18f7e8aa-1090-4770-b7b8-d5252f5bdf4d,3530.3362,3718.6323,35.627274
ecda7273-abef-46d9-9f51-b11bc0f96b52,3470.6301,3708.968,33.015697
921c9752-832b-48de-8687-0701415997dc,3587.0103,3625.9712,43.53566
8ba4e250-5155-40db-a2b3-a1231a9bc049,2936.6472,4621.2886,48.720562
ef95adae-e74f-4ed7-9a1a-cf8d3a42367a,2838.8196,4579.897,46.787052
774db313-b9bb-4f2f-a459-0a0dcfc454ab,2858.8767,4703.7534,47.907215
d47b48c5-3d29-4e63-b186-8abbc20a66cf,2868.556,4867.4346,62.18481
78fdcfdc-fc11-418b-ad32-500fb95df1ca,2780.5586,4965.876,29.991337
ccad9b61-aaf3-40e7-a009-fd602a76d8fe,2842.5056,4940.577,52.01325
b96ed170-9f62-4ca7-a649-6e3b0169d444,3058.568,5054.9653,22.415625
aef7c7dc-4f94-44b6-8434-62308564e5ea,3304.1565,5184.8486,19.711414
8ca18db1-ba6c-404f-b044-137e29db3c27,3373.5237,5183.3486,1.4602405
4c72da32-a0d7-4357-9c49-20a569c69017,3435.785,5175.602,7.382133
093c0127-6e28-47a3-9a2e-ce15ed7e1ccc,3612.8555,5025.5894,11.348071
2b19fe0b-261b-4b53-bf0f-5a7b142449f9,3685.8591,4571.471,25.08972
9d4500f5-a3db-4983-840d-edc52c2006c6,3824.877,4474.858,4.7402987
3d951597-50fa-4cf0-a16c-3708b8335863,3831.0967,4440.307,2.8011255
5c68d81b-99a8-40c9-8595-fa8e7a9e7b27,2555.2153,4735.886,30.281319
12d4f2e4-95ed-439c-9aed-6549131d906e,2574.7292,4643.638,33.96101
78ec9d01-4033-478d-aac4-9dccfe9a9c19,2425.888,4606.2773,30.006147
16728ad1-3dd0-4a46-a982-ec1b6bf5c17d,2406.506,4797.134,35.382607
21e87691-bb82-42f0-bcd4-d50b99c4e4d5,2391.3706,4845.1904,41.218433
ee9fd945-1509-41c9-9839-c506156e1a9d,2258.9565,4783.4893,39.760742
c6ab4cc6-743c-4d8d-af59-7fe57ed58c3e,2292.9246,4819.17,54.636566
6d1b430f-5c56-488c-bc87-e4fddfbe8c59,2199.783,4843.764,39.643425
790bbbcd-69d9-43ab-b422-0878bca4093d,2343.844,4871.9434,41.808277
115a1cff-495f-4a23-a968-bb4ac690ad14,2359.7222,4928.9443,67.08342
e372e137-cbfe-4c04-bfe9-122127d95801,2431.7046,4964.6562,46.936214
77475113-edd3-478d-bd3e-58b2d1a997c6,2431.5154,4963.631,42.34762
24fe591a-02a8-4151-a8c3-3f0da4b8151e,2451.9126,4973.1284,51.564873
b826e23a-832a-4f66-84be-4606a7d2cd8f,2490.1692,4962.5156,44.73644
b4096179-75c7-4f48-be8e-4398735bb31e,2402.179,5012.9287,46.08953
63d1e420-0e40-40a9-8f89-b0db44d77306,2168.577,4985.4595,41.343727
ea14a120-0c17-4c3d-ae02-c666fda25fac,2268.7427,5163.3564,59.817947
2b5d8ef5-0266-4f0e-8769-210b71517498,2224.8386,5575.8296,53.628624
81818e6b-cf13-45e7-87bf-569102b6388a,2192.5334,5595.8037,53.771057
a6be3a65-eb10-4b2b-856f-00826e57c681,1971.1565,5169.854,47.639072
60ea89a4-770e-4e11-b12f-7f35c1be5fc9,1866.2234,5040.4404,52.41874
a9b76eb7-1ed5-4a1a-ad80-0b04e10e4602,1911.5002,4929.1455,48.97325
24287c45-d0c6-4781-93cb-cd77713944fd,2016.2217,4995.6675,41.050606
dd2b025f-1506-4825-aad5-6f40d288891c,1707.1305,4923.088,42.078125
6dad486e-d3a8-47fe-82d2-c758f43c405a,1663.7594,4915.0576,38.291195
fcdf99a5-021f-4342-b04a-662e9abf2712,1672.8145,4973.7485,42.301075
530e4a9d-239a-4334-9ef9-72e98bf5b537,1639.0879,4877.5596,42.03033
6590bba7-a5b9-453a-b7a8-2a956f234bd9,1645.4534,4844.329,42.021336
8c77976f-a688-4fea-9fb0-1277e86af4a8,1698.5886,4818.14,42.06308
3ab8b7b3-2056-4535-b961-28cb7077524d,1700.9658,4858.3125,42.029396
c3a701ec-fb9c-47a4-b85f-841b21f7f59b,1750.7102,4736.889,43.106625
943f5fdc-e399-46d3-a0ce-273c7ccb7cde,1655.6425,4738.906,42.029194
7d227770-a1de-46a2-a1d9-bf7e9932e07b,1666.4739,4662.077,43.384205
182fa46b-2b9f-45b4-9b64-2d382f6d15ae,1793.0579,4611.5693,37.182793
bc2b35b3-8819-454f-a3a0-dda671a365a6,1791.8828,4597.6284,41.42222
e367e294-9636-451e-8958-3a81543b1a24,1844.5518,4579.883,31.711454
a0d0ca9b-9f74-4dcb-b27d-bfed975f5e38,1942.2135,4658.0024,40.54842
5658be59-ca37-4444-bd6e-9494e26f8500,2127.2646,4771.051,40.97028
de5a7a8c-fcb2-4c9e-80a0-a689339fffbf,2133.688,4830.7026,41.636345
cd6f2111-9298-4475-855c-509af2bcc127,1431.5411,4367.0347,44.24061
4df78e64-c9d3-42fa-b5c0-76152ae03085,1394.0704,4281.255,35.35041
1a7be4d5-d322-4a34-8789-2a9dce6dde2a,1347.9434,4390.491,44.34374
1e844b61-f2ca-4811-ba25-3d49ffa8f0e3,1279.5399,4305.523,34.23411
52a9454a-94ef-409e-a85b-84ec0a22f410,1299.0933,4216.3027,33.90869
86136e8b-93b8-4304-81d1-d9981169f592,779.50146,4178.982,41.77909
b9c54f66-0310-4f57-bb13-853b13944786,703.46954,4194.4746,40.709187
bf78b799-a96c-476c-b9f6-bc190567b438,712.06464,4110.334,31.299692
7084dd27-b889-4e1e-969e-fef8fb5dcd7d,-354.4718,4825.4316,144.29729
be6f5adf-88c7-4256-846d-2b80db808538,-1085.5159,4896.058,214.46436
fde940c8-3c64-470e-a6dc-a16efa6a8b59,-1004.34283,4854.1523,274.60577
aa8e42e6-a4bc-4167-9a68-808d1d623b96,-1083.198,4936.933,229.22186
432d637b-1e48-4881-902f-d689825fcc55,-1106.5603,4964.2075,218.79015
16048edd-f318-4b78-bd37-09f8db21ae39,-1147.0149,4954.042,221.47678
6de8555a-d76d-43cc-bebb-c5be8171d6b9,-1144.3861,4950.146,230.40273
ac269681-de51-4d5b-a3e3-e5475d823554,-1170.7028,4926.833,224.30493
4b0179de-1a02-4da7-a86b-d19ff12fb5c4,-1137.7928,4873.282,215.16849
5955fc1f-7a82-4808-b11e-9cce6e0a5613,-1604.8489,5257.22,2.0774481
5baecf52-afd5-4d53-99ff-330b470522be,-1603.5094,5194.011,4.3100967
d4998cef-d24e-4fa0-b035-7664e50aef87,-1444.9031,5421.319,23.053389
9d605600-2aa7-4dce-b067-8df228f1ecd0,-788.79315,5385.3696,34.19349
68a26cbb-e228-4e7e-a8d5-9ce2a1ec26fa,-555.11755,5328.1987,73.599556
e5b2e6b0-9847-4e4e-83ea-7182a1e1f2f3,-499.05225,5274.1187,80.61017
436484e7-9b00-4649-8878-a5c73cfac433,-537.8849,5343.914,98.33636
c4a8ec72-e011-41de-aba5-5c8729c2b66e,-499.72064,5347.9673,77.22257
084bb04e-b8d7-4e15-9845-d844de8e9a26,-584.04865,5353.04,70.25475
a7382b91-b69f-43c8-a5d6-ed273cdd82cc,-437.18967,5440.391,72.83432
07aa03ff-8016-43df-b777-27a4d3f4c127,456.13513,5566.6675,781.18353
ae4d192f-bd7a-428a-9a17-9a2dec440196,416.80338,5572.5215,777.3765
bced151c-740d-4b61-b548-5534aef86ad6,446.1874,5571.365,795.0889
a2941b0c-a1d9-4dd0-bace-de3f5a1cc5cb,501.6949,5604.613,797.91016
56e308bc-83a8-46cf-ba7a-1a861e625eab,2341.82,5948.5303,68.16744
e75ce806-f397-4ecf-897a-e1a5008c26a6,2794.9836,5993.9985,355.73395
1d55fa62-33b7-43e9-8bb9-6d8261d88284,1871.6439,6408.2173,46.573368
7bb64578-f47e-46dc-b118-ea19f0550da4,1734.2836,6420.052,35.03722
23f20460-5582-4948-93c4-707fc2dab436,1677.3442,6427.836,31.860157
dc74dd31-c74c-43c5-b0fa-1d4b6da200e0,1587.505,6465.8213,25.317133
d05784b6-667d-412b-a944-3da02ba15c31,1469.7078,6550.1846,14.904127
7341fd4b-d091-4e52-8526-be435ffb8f3e,1522.9623,6591.211,3.5245817
adb187ac-dbb7-44c9-84bb-b413ada5f23a,1607.8921,6635.099,15.16057
5dcee0ce-b73f-4e99-91f7-37b84fdc861e,1550.0256,6333.3677,26.311773
983f8a72-7037-45f6-a8cf-e2bafc3c2268,1520.2124,6317.71,24.082533
ffb312f0-f6ee-4a3f-a3e7-10b6f403e31c,1491.8561,6347.687,17.82947
6f683720-f136-42ac-9a7f-fb2eb3d126f0,1415.4468,6337.0186,24.104445
2f91da3b-4b38-44ff-a058-5face2639a52,1290.7661,6426.177,25.604738
6a57ab9d-7f89-40c5-bf71-975f2ee12559,754.9929,6453.7305,31.900068
a5f48828-922d-4fcb-a702-973e675f4809,510.81265,6472.8516,30.5434
356cd1fe-d20b-4231-8838-336b7705fc4b,442.85922,6512.511,28.849503
f206d3dc-444a-4617-aa92-6971715504f0,444.27643,6460.533,37.08491
5e15f0e6-ed1d-4c05-bbc5-cb97223eb4ae,414.9728,6629.7397,28.24302
16de083b-9d10-4bc9-b784-126abeb52b2c,324.16632,6655.4385,28.755426
91fd8139-8d4e-4362-842c-4864025930f3,99.28121,6620.5737,32.43532
94a23e0d-aa61-40ba-9aa3-f4ef1270c42e,80.883766,6570.6816,28.78827
a5fde47b-a294-442e-a6ec-518315d1c440,33.50789,6552.894,31.461588
7c4a522d-d3b2-4b55-bb4c-4951db38eb7b,35.53568,6672.6396,31.611414
f2e163a0-0cb4-426e-a725-fbe3678c79e7,-148.66708,6590.023,5.4970856
3f77dddb-bb7c-4c95-89b4-780009a6fd38,-180.00381,6540.949,11.097847
5eff8160-4697-4519-a37c-50336027e2c4,-268.99207,6645.3105,7.4274883
4be4453c-9030-41cc-bb31-573c15092241,-257.71387,6620.454,1.2857091
9c54b8d1-4931-457a-ad7d-2183cf494eda,-394.58542,6375.855,13.847148
9e33bc11-448c-4a12-ad43-20d7c06faefc,-415.13293,6328.277,25.498932
7b89e7a6-b98a-4bd3-89b5-6b243ce27b06,-467.21875,6288.3804,13.612418
fd72aad9-24e7-4454-8701-843487ac68da,-452.7932,6197.675,29.552843
19189aaf-8ab0-42f4-9741-9001de305681,-331.7743,6288.219,35.2523
d79c0ddf-8833-472a-85b0-74f92f34241d,-168.96945,6285.608,33.160572
7a4a0aaa-6da4-44d3-8dc2-10cdd443d04a,-316.71225,6195.8135,37.20322
4b7fc06b-cf2e-426e-ade2-a4180378f954,-364.5733,6104.1807,35.439697
33c8550d-8d03-4b74-82a9-4bfd90c68f0f,-380.40366,6085.3823,39.614944
3e3dbef0-7414-4c64-b8d7-64be3de54632,-448.4256,6018.1343,31.71637
bedb3c99-1433-4fbc-ac4c-ecb415ef64f0,-328.3343,6084.8965,31.455263
1ab086e7-7301-4d21-b8a7-4ce203dcd5c4,-290.31705,6021.8584,31.5208
8bd14955-6e14-4d99-bb39-47fb1a2574f5,-215.63556,6121.9355,57.272923
5251e397-e0cf-4e3c-b4c8-c893927cf37c,-181.17845,6155.2104,31.206375
5f7f63ca-d0f5-4b95-ad6a-21c00f88d98a,-156.27097,6179.9927,31.332666
69726ef5-5259-447a-8a8e-94eb3b012df0,-83.11393,6240.0244,31.090609
eb488d6d-e26d-410f-9b11-11d1b24a11dd,-68.88189,6255.508,31.090155
580641c7-bae8-4610-a7e9-3902a17b69e5,-174.94461,6061.661,30.884357
1431c0bc-c6d9-4f3e-b1dd-a45fa264c6d2,-117.9268,6104.107,66.39041
e34fb5ae-439d-47c9-aa1f-c0626d981900,-184.87016,6157.0947,42.63742
7308e0e5-436a-4be0-b195-a97b5a4e4f98,-194.15373,6150.4927,36.41205
3201cb1a-c61f-4e74-b3d0-83fc53f56740,-491.23013,5878.4863,28.950214
246ef9cb-a583-4db3-b852-ddf8ab43ddd5,-680.82416,5802.5703,17.330942
a1276a17-404a-41c4-95f2-d393dff9de12,-689.6911,5759.932,17.511
fd10ed89-88de-4213-8271-af4d5ba0f135,-754.89233,5587.6704,41.65474
82c8681c-af15-4daa-9f71-6aa0de12c8de,-736.9338,5602.0615,41.65458